id,title,ticker_id,published_at,price,pct_change,abs_pct_change,price_direction,minutes_to_price,day_of_week,hour_of_day,is_market_hours,is_aftermarket,keyword_score,vader_score,combined_score,sentiment_label,sentiment_price_agreement
1,google ibd stock of the day closing in on ai winners circle,2,2025-10-16 17:44:19.663854+00:00,252.42059326171875,0.1828014508566899,0.1828014508566899,1,8616.2679398,3,17,0,1,1.0,0.4767,0.7383500000000001,positive,agree
1,google ibd stock of the day closing in on ai winners circle,2,2025-10-16 17:44:19.663854+00:00,250.8300018310547,-0.4484858123121758,0.4484858123121758,-1,8616.2679398,3,17,0,1,1.0,0.4767,0.7383500000000001,positive,disagree
1,google ibd stock of the day closing in on ai winners circle,2,2025-10-16 17:44:19.663854+00:00,251.13999938964844,-0.3254513821115956,0.3254513821115956,-1,8616.2679398,3,17,0,1,1.0,0.4767,0.7383500000000001,positive,disagree
1,google ibd stock of the day closing in on ai winners circle,2,2025-10-16 17:44:19.663854+00:00,251.8800048828125,-0.0317517974769463,0.0317517974769463,-1,8616.2679398,3,17,0,1,1.0,0.4767,0.7383500000000001,positive,disagree
2,pennsylvania american water receives 643 million in pennvest funding for statewide water infrastructure improvement projects,3,2025-10-16 18:39:02.356227+00:00,143.30999755859375,-0.0209284080251822,0.0209284080251822,-1,8561.656217333333,3,18,0,1,0.0,0.4588,0.2294,positive,disagree
2,pennsylvania american water receives 643 million in pennvest funding for statewide water infrastructure improvement projects,3,2025-10-16 18:39:02.356227+00:00,143.52999877929688,0.1325536809407777,0.1325536809407777,1,8561.656217333333,3,18,0,1,0.0,0.4588,0.2294,positive,agree
2,pennsylvania american water receives 643 million in pennvest funding for statewide water infrastructure improvement projects,3,2025-10-16 18:39:02.356227+00:00,145.10000610351562,1.2278567117276795,1.2278567117276795,1,8561.656217333333,3,18,0,1,0.0,0.4588,0.2294,positive,agree
2,pennsylvania american water receives 643 million in pennvest funding for statewide water infrastructure improvement projects,3,2025-10-16 18:39:02.356227+00:00,143.2100067138672,-0.0906862197184777,0.0906862197184777,-1,8561.656217333333,3,18,0,1,0.0,0.4588,0.2294,positive,disagree
3,the 2000 iphone problem just made this unknown fintech a star,4,2025-10-16 18:38:02.380462+00:00,119.9499969482422,-1.1414696061984877,1.1414696061984877,-1,8562.661123599999,3,18,0,1,0.0,-0.4019,-0.20095,negative,agree
3,the 2000 iphone problem just made this unknown fintech a star,4,2025-10-16 18:38:02.380462+00:00,121.9999008178711,0.5479884109411309,0.5479884109411309,1,8562.661123599999,3,18,0,1,0.0,-0.4019,-0.20095,negative,disagree
3,the 2000 iphone problem just made this unknown fintech a star,4,2025-10-16 18:38:02.380462+00:00,126.5999984741211,4.339225639242787,4.339225639242787,1,8562.661123599999,3,18,0,1,0.0,-0.4019,-0.20095,negative,disagree
3,the 2000 iphone problem just made this unknown fintech a star,4,2025-10-16 18:38:02.380462+00:00,120.83999633789062,-0.4079636958149342,0.4079636958149342,-1,8562.661123599999,3,18,0,1,0.0,-0.4019,-0.20095,negative,agree
4,trump greenlights 16b power play to supercharge americas grid and ai ambitions,5,2025-10-16 18:38:02.390126+00:00,118.0199966430664,-0.1438410989323108,0.1438410989323108,-1,8562.665521283334,3,18,0,1,1.0,0.34,0.67,positive,disagree
4,trump greenlights 16b power play to supercharge americas grid and ai ambitions,5,2025-10-16 18:38:02.390126+00:00,118.0199966430664,-0.1438410989323108,0.1438410989323108,-1,8562.665521283334,3,18,0,1,1.0,0.34,0.67,positive,disagree
4,trump greenlights 16b power play to supercharge americas grid and ai ambitions,5,2025-10-16 18:38:02.390126+00:00,117.86000061035156,-0.2792129826871684,0.2792129826871684,-1,8562.665521283334,3,18,0,1,1.0,0.34,0.67,positive,disagree
4,trump greenlights 16b power play to supercharge americas grid and ai ambitions,5,2025-10-16 18:38:02.390126+00:00,117.51000213623048,-0.5753450301457583,0.5753450301457583,-1,8562.665521283334,3,18,0,1,1.0,0.34,0.67,positive,disagree
5,walmarts ceo says shoppers are thrivingeven as wall street sounds the alarm,6,2025-10-16 18:38:02.397494+00:00,105.86000061035156,-0.0472127750248598,0.0472127750248598,-1,8562.670065683333,3,18,0,1,0.0,-0.34,-0.17,negative,agree
5,walmarts ceo says shoppers are thrivingeven as wall street sounds the alarm,6,2025-10-16 18:38:02.397494+00:00,106.9000015258789,0.934753875496008,0.934753875496008,1,8562.670065683333,3,18,0,1,0.0,-0.34,-0.17,negative,disagree
5,walmarts ceo says shoppers are thrivingeven as wall street sounds the alarm,6,2025-10-16 18:38:02.397494+00:00,107.54000091552734,1.5390399367922227,1.5390399367922227,1,8562.670065683333,3,18,0,1,0.0,-0.34,-0.17,negative,disagree
5,walmarts ceo says shoppers are thrivingeven as wall street sounds the alarm,6,2025-10-16 18:38:02.397494+00:00,106.47000122070312,0.5287485027196691,0.5287485027196691,1,8562.670065683333,3,18,0,1,0.0,-0.34,-0.17,negative,disagree
6,200b adtech giant accused of sneaky app installsnow the sec is circling,7,2025-10-16 18:38:02.406782+00:00,599.010009765625,0.1504780786318883,0.1504780786318883,1,8562.67729785,3,18,0,1,0.0,-0.4767,-0.23835,negative,disagree
6,200b adtech giant accused of sneaky app installsnow the sec is circling,7,2025-10-16 18:38:02.406782+00:00,601.3004760742188,0.5334287674165671,0.5334287674165671,1,8562.67729785,3,18,0,1,0.0,-0.4767,-0.23835,negative,disagree
6,200b adtech giant accused of sneaky app installsnow the sec is circling,7,2025-10-16 18:38:02.406782+00:00,555.9099731445312,-7.055560555844348,7.055560555844348,-1,8562.67729785,3,18,0,1,0.0,-0.4767,-0.23835,negative,agree
6,200b adtech giant accused of sneaky app installsnow the sec is circling,7,2025-10-16 18:38:02.406782+00:00,605.6409912109375,1.2591339458993245,1.2591339458993245,1,8562.67729785,3,18,0,1,0.0,-0.4767,-0.23835,negative,disagree
7,meta just nuked an 80000member ice watch group after doj crackdown,8,2025-10-16 18:38:02.416593+00:00,709.5399780273438,0.4601509438201567,0.4601509438201567,1,8562.6829524,3,18,0,1,0.0,0.0,0.0,neutral,neutral
7,meta just nuked an 80000member ice watch group after doj crackdown,8,2025-10-16 18:38:02.416593+00:00,708.8099975585938,0.3567967279230512,0.3567967279230512,1,8562.6829524,3,18,0,1,0.0,0.0,0.0,neutral,neutral
7,meta just nuked an 80000member ice watch group after doj crackdown,8,2025-10-16 18:38:02.416593+00:00,725.9149780273438,2.778603776144793,2.778603776144793,1,8562.6829524,3,18,0,1,0.0,0.0,0.0,neutral,neutral
7,meta just nuked an 80000member ice watch group after doj crackdown,8,2025-10-16 18:38:02.416593+00:00,712.0599975585938,0.8169476717432079,0.8169476717432079,1,8562.6829524,3,18,0,1,0.0,0.0,0.0,neutral,neutral
8,nvidia firmus plan a45 billion australia ai hubs,9,2025-10-16 18:37:02.427428+00:00,180.875,0.2438564842518233,0.2438564842518233,1,8563.688256266667,3,18,0,1,1.0,0.0,0.5,positive,agree
8,nvidia firmus plan a45 billion australia ai hubs,9,2025-10-16 18:37:02.427428+00:00,179.8000030517578,-0.3519242471958534,0.3519242471958534,-1,8563.688256266667,3,18,0,1,1.0,0.0,0.5,positive,disagree
8,nvidia firmus plan a45 billion australia ai hubs,9,2025-10-16 18:37:02.427428+00:00,177.5782012939453,-1.5832827906463838,1.5832827906463838,-1,8563.688256266667,3,18,0,1,1.0,0.0,0.5,positive,disagree
8,nvidia firmus plan a45 billion australia ai hubs,9,2025-10-16 18:37:02.427428+00:00,181.81100463867188,0.7626054250541311,0.7626054250541311,1,8563.688256266667,3,18,0,1,1.0,0.0,0.5,positive,agree
9,salesforce targets 60 billion by 2030 shares pop,10,2025-10-16 18:37:02.435993+00:00,243.34500122070312,-0.9584842314976312,0.9584842314976312,-1,8563.69452735,3,18,0,1,0.0,0.296,0.148,positive,disagree
9,salesforce targets 60 billion by 2030 shares pop,10,2025-10-16 18:37:02.435993+00:00,245.7700042724609,0.0284930098039428,0.0284930098039428,1,8563.69452735,3,18,0,1,0.0,0.296,0.148,positive,agree
9,salesforce targets 60 billion by 2030 shares pop,10,2025-10-16 18:37:02.435993+00:00,258.92010498046875,5.380589416536068,5.380589416536068,1,8563.69452735,3,18,0,1,0.0,0.296,0.148,positive,agree
9,salesforce targets 60 billion by 2030 shares pop,10,2025-10-16 18:37:02.435993+00:00,246.0,0.1221013656833742,0.1221013656833742,1,8563.69452735,3,18,0,1,0.0,0.296,0.148,positive,agree
10,nvda this analyst sees massive 80 upside for nvidia stock  heres why,9,2025-10-16 18:37:02.445032+00:00,180.875,0.2438564842518233,0.2438564842518233,1,8563.700937766667,3,18,0,1,0.0,0.0,0.0,neutral,neutral
10,nvda this analyst sees massive 80 upside for nvidia stock  heres why,9,2025-10-16 18:37:02.445032+00:00,179.8000030517578,-0.3519242471958534,0.3519242471958534,-1,8563.700937766667,3,18,0,1,0.0,0.0,0.0,neutral,neutral
10,nvda this analyst sees massive 80 upside for nvidia stock  heres why,9,2025-10-16 18:37:02.445032+00:00,177.58009338378906,-1.5822341637894262,1.5822341637894262,-1,8563.700937766667,3,18,0,1,0.0,0.0,0.0,neutral,neutral
10,nvda this analyst sees massive 80 upside for nvidia stock  heres why,9,2025-10-16 18:37:02.445032+00:00,181.81100463867188,0.7626054250541311,0.7626054250541311,1,8563.700937766667,3,18,0,1,0.0,0.0,0.0,neutral,neutral
11,macys inc unveils new automated fulfillment center marking a bold step in supply chain modernization,11,2025-10-16 18:35:02.450819+00:00,17.99880027770996,0.3837142853495628,0.3837142853495628,1,8565.70617175,3,18,0,1,0.0,0.3818,0.1909,positive,agree
11,macys inc unveils new automated fulfillment center marking a bold step in supply chain modernization,11,2025-10-16 18:35:02.450819+00:00,17.809999465942383,-0.6692740501446521,0.6692740501446521,-1,8565.70617175,3,18,0,1,0.0,0.3818,0.1909,positive,disagree
11,macys inc unveils new automated fulfillment center marking a bold step in supply chain modernization,11,2025-10-16 18:35:02.450819+00:00,18.51000022888184,3.234801527240512,3.234801527240512,1,8565.70617175,3,18,0,1,0.0,0.3818,0.1909,positive,agree
11,macys inc unveils new automated fulfillment center marking a bold step in supply chain modernization,11,2025-10-16 18:35:02.450819+00:00,17.954999923706055,0.1394289911030113,0.1394289911030113,1,8565.70617175,3,18,0,1,0.0,0.3818,0.1909,positive,agree
12,sharplink raises 765m at a premium  whats the endgame for its eth treasury,12,2025-10-16 18:35:02.460562+00:00,14.548399925231934,-0.9841415376542988,0.9841415376542988,-1,8565.711271983333,3,18,0,1,1.0,0.2023,0.60115,positive,disagree
12,sharplink raises 765m at a premium  whats the endgame for its eth treasury,12,2025-10-16 18:35:02.460562+00:00,13.899999618530272,-5.397129448714189,5.397129448714189,-1,8565.711271983333,3,18,0,1,1.0,0.2023,0.60115,positive,disagree
12,sharplink raises 765m at a premium  whats the endgame for its eth treasury,12,2025-10-16 18:35:02.460562+00:00,13.079999923706056,-10.9780162911954,10.9780162911954,-1,8565.711271983333,3,18,0,1,1.0,0.2023,0.60115,positive,disagree
12,sharplink raises 765m at a premium  whats the endgame for its eth treasury,12,2025-10-16 18:35:02.460562+00:00,14.5600004196167,-0.9051890125657448,0.9051890125657448,-1,8565.711271983333,3,18,0,1,1.0,0.2023,0.60115,positive,disagree
13,peter schiff takes a victory lap for bitcoin the party is over,13,2025-10-16 18:32:02.469453+00:00,425.0093994140625,0.7728273655157084,0.7728273655157084,1,8568.716267433334,3,18,0,1,0.0,0.4019,0.20095,positive,agree
13,peter schiff takes a victory lap for bitcoin the party is over,13,2025-10-16 18:32:02.469453+00:00,424.8399963378906,0.7326606610291939,0.7326606610291939,1,8568.716267433334,3,18,0,1,0.0,0.4019,0.20095,positive,agree
13,peter schiff takes a victory lap for bitcoin the party is over,13,2025-10-16 18:32:02.469453+00:00,432.5400085449219,2.558389696484144,2.558389696484144,1,8568.716267433334,3,18,0,1,0.0,0.4019,0.20095,positive,agree
13,peter schiff takes a victory lap for bitcoin the party is over,13,2025-10-16 18:32:02.469453+00:00,428.5849914550781,1.6206263082580024,1.6206263082580024,1,8568.716267433334,3,18,0,1,0.0,0.4019,0.20095,positive,agree
14,91yearold fast food chain launches limitededition steakburger,14,2025-10-16 18:31:02.477430+00:00,74.51000213623047,-0.2676976986923211,0.2676976986923211,-1,8569.721744116667,3,18,0,1,1.0,0.0,0.5,positive,disagree
14,91yearold fast food chain launches limitededition steakburger,14,2025-10-16 18:31:02.477430+00:00,73.75,-1.2849673353458486,1.2849673353458486,-1,8569.721744116667,3,18,0,1,1.0,0.0,0.5,positive,disagree
14,91yearold fast food chain launches limitededition steakburger,14,2025-10-16 18:31:02.477430+00:00,75.8499984741211,1.5258993489739838,1.5258993489739838,1,8569.721744116667,3,18,0,1,1.0,0.0,0.5,positive,agree
14,91yearold fast food chain launches limitededition steakburger,14,2025-10-16 18:31:02.477430+00:00,74.55000305175781,-0.2141561165513338,0.2141561165513338,-1,8569.721744116667,3,18,0,1,1.0,0.0,0.5,positive,disagree
15,ai is punishing quality stocks theyre about to fight back,8,2025-10-16 18:30:02.484458+00:00,708.030029296875,0.4582919352795246,0.4582919352795246,1,8570.72659285,3,18,0,1,1.0,-0.7351,0.13245,positive,agree
15,ai is punishing quality stocks theyre about to fight back,8,2025-10-16 18:30:02.484458+00:00,708.8099975585938,0.568957127564951,0.568957127564951,1,8570.72659285,3,18,0,1,1.0,-0.7351,0.13245,positive,agree
15,ai is punishing quality stocks theyre about to fight back,8,2025-10-16 18:30:02.484458+00:00,725.8076171875,2.980651214299131,2.980651214299131,1,8570.72659285,3,18,0,1,1.0,-0.7351,0.13245,positive,agree
15,ai is punishing quality stocks theyre about to fight back,8,2025-10-16 18:30:02.484458+00:00,712.0599975585938,1.0300808585935433,1.0300808585935433,1,8570.72659285,3,18,0,1,1.0,-0.7351,0.13245,positive,agree
16,spotify says its working to protect artists from ai abuse but the streaming companys track record is shaky,15,2025-10-16 18:27:02.488852+00:00,32.18000030517578,0.6568689281565532,0.6568689281565532,1,8573.731865866666,3,18,0,1,1.0,-0.4854,0.2573,positive,agree
16,spotify says its working to protect artists from ai abuse but the streaming companys track record is shaky,15,2025-10-16 18:27:02.488852+00:00,32.459999084472656,1.532686210954911,1.532686210954911,1,8573.731865866666,3,18,0,1,1.0,-0.4854,0.2573,positive,agree
16,spotify says its working to protect artists from ai abuse but the streaming companys track record is shaky,15,2025-10-16 18:27:02.488852+00:00,33.43000030517578,4.566784557957179,4.566784557957179,1,8573.731865866666,3,18,0,1,1.0,-0.4854,0.2573,positive,agree
16,spotify says its working to protect artists from ai abuse but the streaming companys track record is shaky,15,2025-10-16 18:27:02.488852+00:00,32.47999954223633,1.5952462928855895,1.5952462928855895,1,8573.731865866666,3,18,0,1,1.0,-0.4854,0.2573,positive,agree
17,oracle stock jumps 4 as company says cloud revenue will skyrocket to 166b by 2030,16,2025-10-16 18:25:02.496199+00:00,312.4949951171875,-1.0590809458864705,1.0590809458864705,-1,8575.736845233334,3,18,0,1,0.0,0.0,0.0,neutral,neutral
17,oracle stock jumps 4 as company says cloud revenue will skyrocket to 166b by 2030,16,2025-10-16 18:25:02.496199+00:00,299.95660400390625,-5.0289363342672,5.0289363342672,-1,8575.736845233334,3,18,0,1,0.0,0.0,0.0,neutral,neutral
17,oracle stock jumps 4 as company says cloud revenue will skyrocket to 166b by 2030,16,2025-10-16 18:25:02.496199+00:00,270.75,-14.276214811518878,14.276214811518878,-1,8575.736845233334,3,18,0,1,0.0,0.0,0.0,neutral,neutral
17,oracle stock jumps 4 as company says cloud revenue will skyrocket to 166b by 2030,16,2025-10-16 18:25:02.496199+00:00,313.0299987792969,-0.8896902201035901,0.8896902201035901,-1,8575.736845233334,3,18,0,1,0.0,0.0,0.0,neutral,neutral
18,amc networks ceo what we see is theres two different customers,17,2025-10-16 18:25:02.503896+00:00,2.775000095367432,0.5544093613307484,0.5544093613307484,1,8575.743612666667,3,18,0,1,0.0,0.0,0.0,neutral,neutral
18,amc networks ceo what we see is theres two different customers,17,2025-10-16 18:25:02.503896+00:00,2.746500015258789,-0.478314466988872,0.478314466988872,-1,8575.743612666667,3,18,0,1,0.0,0.0,0.0,neutral,neutral
18,amc networks ceo what we see is theres two different customers,17,2025-10-16 18:25:02.503896+00:00,2.7300000190734863,-1.076205390901667,1.076205390901667,-1,8575.743612666667,3,18,0,1,0.0,0.0,0.0,neutral,neutral
18,amc networks ceo what we see is theres two different customers,17,2025-10-16 18:25:02.503896+00:00,2.755000114440918,-0.1703063864851735,0.1703063864851735,-1,8575.743612666667,3,18,0,1,0.0,0.0,0.0,neutral,neutral
19,ai train is moving to nontech sectors like financials and health care bofas savita subramanian,18,2025-10-16 18:25:02.512427+00:00,50.33000183105469,-0.7487713307601966,0.7487713307601966,-1,8575.749342066667,3,18,0,1,1.0,0.6908,0.8453999999999999,positive,disagree
19,ai train is moving to nontech sectors like financials and health care bofas savita subramanian,18,2025-10-16 18:25:02.512427+00:00,51.040000915527344,0.651353424340966,0.651353424340966,1,8575.749342066667,3,18,0,1,1.0,0.6908,0.8453999999999999,positive,agree
19,ai train is moving to nontech sectors like financials and health care bofas savita subramanian,18,2025-10-16 18:25:02.512427+00:00,50.755001068115234,0.0893310917936961,0.0893310917936961,1,8575.749342066667,3,18,0,1,1.0,0.6908,0.8453999999999999,positive,agree
19,ai train is moving to nontech sectors like financials and health care bofas savita subramanian,18,2025-10-16 18:25:02.512427+00:00,50.43000030517578,-0.5515734157892536,0.5515734157892536,-1,8575.749342066667,3,18,0,1,1.0,0.6908,0.8453999999999999,positive,disagree
20,why applied materials stock rose this week,19,2025-10-16 18:24:02.520814+00:00,225.9900054931641,0.2017433319292464,0.2017433319292464,1,8576.754550766667,3,18,0,1,0.0,0.0,0.0,neutral,neutral
20,why applied materials stock rose this week,19,2025-10-16 18:24:02.520814+00:00,225.3500061035156,-0.0820260959894759,0.0820260959894759,-1,8576.754550766667,3,18,0,1,0.0,0.0,0.0,neutral,neutral
20,why applied materials stock rose this week,19,2025-10-16 18:24:02.520814+00:00,217.5500030517578,-3.540470650096728,3.540470650096728,-1,8576.754550766667,3,18,0,1,0.0,0.0,0.0,neutral,neutral
20,why applied materials stock rose this week,19,2025-10-16 18:24:02.520814+00:00,227.72000122070312,0.9688064039350875,0.9688064039350875,1,8576.754550766667,3,18,0,1,0.0,0.0,0.0,neutral,neutral
21,netflix stock drops below key level before q3 earnings report,20,2025-10-16 18:23:02.528232+00:00,1180.294921875,-0.0069392398709073,0.0069392398709073,-1,8577.759494716667,3,18,0,1,0.0,0.0,0.0,neutral,neutral
21,netflix stock drops below key level before q3 earnings report,20,2025-10-16 18:23:02.528232+00:00,1184.239990234375,0.3272818542393533,0.3272818542393533,1,8577.759494716667,3,18,0,1,0.0,0.0,0.0,neutral,neutral
21,netflix stock drops below key level before q3 earnings report,20,2025-10-16 18:23:02.528232+00:00,1115.81005859375,-5.470013538239813,5.470013538239813,-1,8577.759494716667,3,18,0,1,0.0,0.0,0.0,neutral,neutral
21,netflix stock drops below key level before q3 earnings report,20,2025-10-16 18:23:02.528232+00:00,1183.2249755859375,0.2412911246915218,0.2412911246915218,1,8577.759494716667,3,18,0,1,0.0,0.0,0.0,neutral,neutral
22,goldman sachs earnings tell markets seem okay,21,2025-10-16 18:21:02.537180+00:00,231.72999572753903,0.0820603122206402,0.0820603122206402,1,8579.765188116666,3,18,0,1,0.0,0.2263,0.11315,positive,agree
22,goldman sachs earnings tell markets seem okay,21,2025-10-16 18:21:02.537180+00:00,231.94000244140625,0.1727602862884744,0.1727602862884744,1,8579.765188116666,3,18,0,1,0.0,0.2263,0.11315,positive,agree
22,goldman sachs earnings tell markets seem okay,21,2025-10-16 18:21:02.537180+00:00,236.91700744628903,2.322283111372226,2.322283111372226,1,8579.765188116666,3,18,0,1,0.0,0.2263,0.11315,positive,agree
22,goldman sachs earnings tell markets seem okay,21,2025-10-16 18:21:02.537180+00:00,232.4199981689453,0.3800660397035627,0.3800660397035627,1,8579.765188116666,3,18,0,1,0.0,0.2263,0.11315,positive,agree
23,novartis reports positive fabhalta results in igan,22,2025-10-16 18:17:02.547565+00:00,130.64999389648438,-0.1184960727615814,0.1184960727615814,-1,8583.770076466668,3,18,0,1,0.0,0.5574,0.2787,positive,disagree
23,novartis reports positive fabhalta results in igan,22,2025-10-16 18:17:02.547565+00:00,130.41000366210938,-0.3019678420462982,0.3019678420462982,-1,8583.770076466668,3,18,0,1,0.0,0.5574,0.2787,positive,disagree
23,novartis reports positive fabhalta results in igan,22,2025-10-16 18:17:02.547565+00:00,131.89999389648438,0.837124943248337,0.837124943248337,1,8583.770076466668,3,18,0,1,0.0,0.5574,0.2787,positive,agree
23,novartis reports positive fabhalta results in igan,22,2025-10-16 18:17:02.547565+00:00,130.6999969482422,-0.0802688990620635,0.0802688990620635,-1,8583.770076466668,3,18,0,1,0.0,0.5574,0.2787,positive,disagree
24,experienced team with over 110 million in assets joins ameriprise financial for clientfirst culture technology and robust solutions,23,2025-10-16 18:07:02.557020+00:00,468.375,-0.1055719330181883,0.1055719330181883,-1,8593.77511235,3,18,0,1,1.0,0.5859,0.79295,positive,disagree
24,experienced team with over 110 million in assets joins ameriprise financial for clientfirst culture technology and robust solutions,23,2025-10-16 18:07:02.557020+00:00,468.739990234375,-0.0277272771058866,0.0277272771058866,-1,8593.77511235,3,18,0,1,1.0,0.5859,0.79295,positive,disagree
24,experienced team with over 110 million in assets joins ameriprise financial for clientfirst culture technology and robust solutions,23,2025-10-16 18:07:02.557020+00:00,476.1749877929688,1.55799960583007,1.55799960583007,1,8593.77511235,3,18,0,1,1.0,0.5859,0.79295,positive,agree
24,experienced team with over 110 million in assets joins ameriprise financial for clientfirst culture technology and robust solutions,23,2025-10-16 18:07:02.557020+00:00,467.7999877929688,-0.228209809832535,0.228209809832535,-1,8593.77511235,3,18,0,1,1.0,0.5859,0.79295,positive,disagree
25,the real reason google deepmind is working with a fusion energy startup,9,2025-10-16 18:07:02.565312+00:00,181.25750732421875,0.2225603971073476,0.2225603971073476,1,8593.780052633334,3,18,0,1,0.0,0.2732,0.1366,positive,agree
25,the real reason google deepmind is working with a fusion energy startup,9,2025-10-16 18:07:02.565312+00:00,179.8000030517578,-0.5833362089541686,0.5833362089541686,-1,8593.780052633334,3,18,0,1,0.0,0.2732,0.1366,positive,disagree
25,the real reason google deepmind is working with a fusion energy startup,9,2025-10-16 18:07:02.565312+00:00,177.65499877929688,-1.7693716092106373,1.7693716092106373,-1,8593.780052633334,3,18,0,1,0.0,0.2732,0.1366,positive,disagree
25,the real reason google deepmind is working with a fusion energy startup,9,2025-10-16 18:07:02.565312+00:00,181.81100463867188,0.5286051995893192,0.5286051995893192,1,8593.780052633334,3,18,0,1,0.0,0.2732,0.1366,positive,agree
26,musks xai pursuing 20 billion nvidia chips lease deal,9,2025-10-16 18:04:02.571582+00:00,181.3099975585937,0.0938490501921837,0.0938490501921837,1,8596.785039483333,3,18,0,1,1.0,0.0,0.5,positive,agree
26,musks xai pursuing 20 billion nvidia chips lease deal,9,2025-10-16 18:04:02.571582+00:00,179.8000030517578,-0.7397572829887077,0.7397572829887077,-1,8596.785039483333,3,18,0,1,1.0,0.0,0.5,positive,disagree
26,musks xai pursuing 20 billion nvidia chips lease deal,9,2025-10-16 18:04:02.571582+00:00,177.65499877929688,-1.9239265883263104,1.9239265883263104,-1,8596.785039483333,3,18,0,1,1.0,0.0,0.5,positive,disagree
26,musks xai pursuing 20 billion nvidia chips lease deal,9,2025-10-16 18:04:02.571582+00:00,181.81100463867188,0.3704346092991006,0.3704346092991006,1,8596.785039483333,3,18,0,1,1.0,0.0,0.5,positive,agree
27,netflix and spotify partnership is a winwin for both companies,20,2025-10-16 18:04:02.577639+00:00,1180.72900390625,-0.2947904007058971,0.2947904007058971,-1,8596.790908333332,3,18,0,1,1.0,0.0,0.5,positive,disagree
27,netflix and spotify partnership is a winwin for both companies,20,2025-10-16 18:04:02.577639+00:00,1184.239990234375,0.0016905247120696,0.0016905247120696,1,8596.790908333332,3,18,0,1,1.0,0.0,0.5,positive,agree
27,netflix and spotify partnership is a winwin for both companies,20,2025-10-16 18:04:02.577639+00:00,1115.81005859375,-5.776790951157236,5.776790951157236,-1,8596.790908333332,3,18,0,1,1.0,0.0,0.5,positive,disagree
27,netflix and spotify partnership is a winwin for both companies,20,2025-10-16 18:04:02.577639+00:00,1183.2249755859375,-0.0840211398053628,0.0840211398053628,-1,8596.790908333332,3,18,0,1,1.0,0.0,0.5,positive,disagree
28,xa investments reports a record 300 interval  tender offer funds in its third quarter 2025 market update,24,2025-10-16 18:02:02.582549+00:00,4.905600070953369,-0.0896084846328295,0.0896084846328295,-1,8598.7973265,3,18,0,1,0.0,0.0,0.0,neutral,neutral
28,xa investments reports a record 300 interval  tender offer funds in its third quarter 2025 market update,24,2025-10-16 18:02:02.582549+00:00,4.889999866485596,-0.4073315997566673,0.4073315997566673,-1,8598.7973265,3,18,0,1,0.0,0.0,0.0,neutral,neutral
28,xa investments reports a record 300 interval  tender offer funds in its third quarter 2025 market update,24,2025-10-16 18:02:02.582549+00:00,4.919899940490723,0.2016312298630982,0.2016312298630982,1,8598.7973265,3,18,0,1,0.0,0.0,0.0,neutral,neutral
28,xa investments reports a record 300 interval  tender offer funds in its third quarter 2025 market update,24,2025-10-16 18:02:02.582549+00:00,4.929999828338623,0.4073315997566673,0.4073315997566673,1,8598.7973265,3,18,0,1,0.0,0.0,0.0,neutral,neutral
29,paving the way insights from recent drivers education study uncovers key opportunities for parents and new drivers,25,2025-10-16 18:02:02.590347+00:00,222.4900054931641,0.4741704480587905,0.4741704480587905,1,8598.8027374,3,18,0,1,0.0,0.3818,0.1909,positive,agree
29,paving the way insights from recent drivers education study uncovers key opportunities for parents and new drivers,25,2025-10-16 18:02:02.590347+00:00,221.9499969482422,0.2303082104467027,0.2303082104467027,1,8598.8027374,3,18,0,1,0.0,0.3818,0.1909,positive,agree
29,paving the way insights from recent drivers education study uncovers key opportunities for parents and new drivers,25,2025-10-16 18:02:02.590347+00:00,221.07000732421875,-0.1670859434195508,0.1670859434195508,-1,8598.8027374,3,18,0,1,0.0,0.3818,0.1909,positive,disagree
29,paving the way insights from recent drivers education study uncovers key opportunities for parents and new drivers,25,2025-10-16 18:02:02.590347+00:00,221.759994506836,0.144505085757646,0.144505085757646,1,8598.8027374,3,18,0,1,0.0,0.3818,0.1909,positive,agree
30,espn chairman we are not at all interested in incentivizing cord cutting,26,2025-10-16 18:02:02.596027+00:00,254.5800018310547,0.1455470309648187,0.1455470309648187,1,8598.808337416667,3,18,0,1,1.0,-0.4133,0.29335,positive,agree
30,espn chairman we are not at all interested in incentivizing cord cutting,26,2025-10-16 18:02:02.596027+00:00,254.0,-0.0826115055744308,0.0826115055744308,-1,8598.808337416667,3,18,0,1,1.0,-0.4133,0.29335,positive,disagree
30,espn chairman we are not at all interested in incentivizing cord cutting,26,2025-10-16 18:02:02.596027+00:00,246.4750061035156,-3.042760082634315,3.042760082634315,-1,8598.808337416667,3,18,0,1,1.0,-0.4133,0.29335,positive,disagree
30,espn chairman we are not at all interested in incentivizing cord cutting,26,2025-10-16 18:02:02.596027+00:00,255.33999633789065,0.4445102844811799,0.4445102844811799,1,8598.808337416667,3,18,0,1,1.0,-0.4133,0.29335,positive,agree
31,trade tracker malcolm ethridge trims oracle and karen firestone sells salesforce,16,2025-10-16 18:02:02.603874+00:00,315.20001220703125,-1.0283362379212535,1.0283362379212535,-1,8598.814329383333,3,18,0,1,0.0,0.0,0.0,neutral,neutral
31,trade tracker malcolm ethridge trims oracle and karen firestone sells salesforce,16,2025-10-16 18:02:02.603874+00:00,299.95660400390625,-5.814711278658471,5.814711278658471,-1,8598.814329383333,3,18,0,1,0.0,0.0,0.0,neutral,neutral
31,trade tracker malcolm ethridge trims oracle and karen firestone sells salesforce,16,2025-10-16 18:02:02.603874+00:00,270.67999267578125,-15.007461342884568,15.007461342884568,-1,8598.814329383333,3,18,0,1,0.0,0.0,0.0,neutral,neutral
31,trade tracker malcolm ethridge trims oracle and karen firestone sells salesforce,16,2025-10-16 18:02:02.603874+00:00,313.0299987792969,-1.7097126053430172,1.7097126053430172,-1,8598.814329383333,3,18,0,1,0.0,0.0,0.0,neutral,neutral
32,final trades toast charles schwab microsoft and goldman sachs,27,2025-10-16 18:02:02.608080+00:00,510.1900024414063,-0.1096422043257464,0.1096422043257464,-1,8598.820158833334,3,18,0,1,0.0,0.0,0.0,neutral,neutral
32,final trades toast charles schwab microsoft and goldman sachs,27,2025-10-16 18:02:02.608080+00:00,510.1300048828125,-0.1213891565712187,0.1213891565712187,-1,8598.820158833334,3,18,0,1,0.0,0.0,0.0,neutral,neutral
32,final trades toast charles schwab microsoft and goldman sachs,27,2025-10-16 18:02:02.608080+00:00,520.6690063476562,1.9420472535792952,1.9420472535792952,1,8598.820158833334,3,18,0,1,0.0,0.0,0.0,neutral,neutral
32,final trades toast charles schwab microsoft and goldman sachs,27,2025-10-16 18:02:02.608080+00:00,511.5499877929688,0.1566300133076358,0.1566300133076358,1,8598.820158833334,3,18,0,1,0.0,0.0,0.0,neutral,neutral
33,energy department offers 16 billion loan guarantee to upgrade transmission lines across midwest,5,2025-10-16 18:02:02.615719+00:00,118.23999786376952,-0.1899282328759324,0.1899282328759324,-1,8598.825714166667,3,18,0,1,1.0,0.4767,0.7383500000000001,positive,disagree
33,energy department offers 16 billion loan guarantee to upgrade transmission lines across midwest,5,2025-10-16 18:02:02.615719+00:00,118.0199966430664,-0.3756381282070635,0.3756381282070635,-1,8598.825714166667,3,18,0,1,1.0,0.4767,0.7383500000000001,positive,disagree
33,energy department offers 16 billion loan guarantee to upgrade transmission lines across midwest,5,2025-10-16 18:02:02.615719+00:00,117.80999755859376,-0.5529049082386001,0.5529049082386001,-1,8598.825714166667,3,18,0,1,1.0,0.4767,0.7383500000000001,positive,disagree
33,energy department offers 16 billion loan guarantee to upgrade transmission lines across midwest,5,2025-10-16 18:02:02.615719+00:00,117.51000213623048,-0.8061404053365127,0.8061404053365127,-1,8598.825714166667,3,18,0,1,1.0,0.4767,0.7383500000000001,positive,disagree
34,can xrp hit 1000 that would make it bigger than the us economy,13,2025-10-16 18:02:02.621838+00:00,426.30999755859375,-0.18029152334011,0.18029152334011,-1,8598.8321807,3,18,0,1,0.0,0.0,0.0,neutral,neutral
34,can xrp hit 1000 that would make it bigger than the us economy,13,2025-10-16 18:02:02.621838+00:00,424.8399963378906,-0.5244896283605119,0.5244896283605119,-1,8598.8321807,3,18,0,1,0.0,0.0,0.0,neutral,neutral
34,can xrp hit 1000 that would make it bigger than the us economy,13,2025-10-16 18:02:02.621838+00:00,432.4908142089844,1.2669354235364507,1.2669354235364507,1,8598.8321807,3,18,0,1,0.0,0.0,0.0,neutral,neutral
34,can xrp hit 1000 that would make it bigger than the us economy,13,2025-10-16 18:02:02.621838+00:00,428.5849914550781,0.3523941486679428,0.3523941486679428,1,8598.8321807,3,18,0,1,0.0,0.0,0.0,neutral,neutral
35,inside the new burford quarterly navigating global business disputes,28,2025-10-16 18:00:02.626702+00:00,10.734999656677246,-0.7855826298001902,0.7855826298001902,-1,8600.83810215,3,18,0,1,0.0,-0.2732,-0.1366,negative,agree
35,inside the new burford quarterly navigating global business disputes,28,2025-10-16 18:00:02.626702+00:00,10.770000457763672,-0.4621001707094703,0.4621001707094703,-1,8600.83810215,3,18,0,1,0.0,-0.2732,-0.1366,negative,agree
35,inside the new burford quarterly navigating global business disputes,28,2025-10-16 18:00:02.626702+00:00,10.635000228881836,-1.7097917852149098,1.7097917852149098,-1,8600.83810215,3,18,0,1,0.0,-0.2732,-0.1366,negative,agree
35,inside the new burford quarterly navigating global business disputes,28,2025-10-16 18:00:02.626702+00:00,10.920000076293944,0.9242179694104988,0.9242179694104988,1,8600.83810215,3,18,0,1,0.0,-0.2732,-0.1366,negative,disagree
110,holdings in company,88,2025-10-20 17:19:42.892169+00:00,12.829999923706056,0.9838646261363962,0.9838646261363962,1,2881.1720452333334,0,17,0,1,0.0,0.0,0.0,neutral,neutral
110,holdings in company,88,2025-10-20 17:19:42.892169+00:00,12.81999969482422,0.9051536545355487,0.9051536545355487,1,2881.1720452333334,0,17,0,1,0.0,0.0,0.0,neutral,neutral
110,holdings in company,88,2025-10-20 17:19:42.892169+00:00,12.719900131225586,0.1172782968044666,0.1172782968044666,1,2881.1720452333334,0,17,0,1,0.0,0.0,0.0,neutral,neutral
110,holdings in company,88,2025-10-20 17:19:42.892169+00:00,12.84000015258789,1.0625755977372435,1.0625755977372435,1,2881.1720452333334,0,17,0,1,0.0,0.0,0.0,neutral,neutral
36,worksport reports record q3 revenue growth and 2300 basispoint margin expansion ahead of three cleanenergy product launches,29,2025-10-16 18:00:02.633685+00:00,3.218400001525879,-1.2760732840206674,1.2760732840206674,-1,8600.848980716666,3,18,0,1,1.0,0.3818,0.6909,positive,disagree
36,worksport reports record q3 revenue growth and 2300 basispoint margin expansion ahead of three cleanenergy product launches,29,2025-10-16 18:00:02.633685+00:00,3.150000095367432,-3.374229920785793,3.374229920785793,-1,8600.848980716666,3,18,0,1,1.0,0.3818,0.6909,positive,disagree
36,worksport reports record q3 revenue growth and 2300 basispoint margin expansion ahead of three cleanenergy product launches,29,2025-10-16 18:00:02.633685+00:00,3.0899999141693115,-5.214726281940503,5.214726281940503,-1,8600.848980716666,3,18,0,1,1.0,0.3818,0.6909,positive,disagree
36,worksport reports record q3 revenue growth and 2300 basispoint margin expansion ahead of three cleanenergy product launches,29,2025-10-16 18:00:02.633685+00:00,3.150000095367432,-3.374229920785793,3.374229920785793,-1,8600.848980716666,3,18,0,1,1.0,0.3818,0.6909,positive,disagree
37,trickortech new verizon survey reveals how families stay safe and connected on halloween,30,2025-10-16 18:00:02.644131+00:00,40.34000015258789,0.2878837782574154,0.2878837782574154,1,8600.853994583334,3,18,0,1,0.0,0.4404,0.2202,positive,agree
37,trickortech new verizon survey reveals how families stay safe and connected on halloween,30,2025-10-16 18:00:02.644131+00:00,40.52000045776367,0.7353763319817008,0.7353763319817008,1,8600.853994583334,3,18,0,1,0.0,0.4404,0.2202,positive,agree
37,trickortech new verizon survey reveals how families stay safe and connected on halloween,30,2025-10-16 18:00:02.644131+00:00,40.05500030517578,-0.4206445178748078,0.4206445178748078,-1,8600.853994583334,3,18,0,1,0.0,0.4404,0.2202,positive,disagree
37,trickortech new verizon survey reveals how families stay safe and connected on halloween,30,2025-10-16 18:00:02.644131+00:00,40.369998931884766,0.3624627093490057,0.3624627093490057,1,8600.853994583334,3,18,0,1,0.0,0.4404,0.2202,positive,agree
38,taiwan semiconductor ceo cc wei just delivered incredible news for nvidia stock investors,31,2025-10-16 18:00:02.652303+00:00,299.3465881347656,-0.0145049973436385,0.0145049973436385,-1,8600.865624616667,3,18,0,1,1.0,0.0,0.5,positive,disagree
38,taiwan semiconductor ceo cc wei just delivered incredible news for nvidia stock investors,31,2025-10-16 18:00:02.652303+00:00,297.25,-0.7147915908118844,0.7147915908118844,-1,8600.865624616667,3,18,0,1,1.0,0.0,0.5,positive,disagree
38,taiwan semiconductor ceo cc wei just delivered incredible news for nvidia stock investors,31,2025-10-16 18:00:02.652303+00:00,287.2799987792969,-4.044896381517922,4.044896381517922,-1,8600.865624616667,3,18,0,1,1.0,0.0,0.5,positive,disagree
38,taiwan semiconductor ceo cc wei just delivered incredible news for nvidia stock investors,31,2025-10-16 18:00:02.652303+00:00,299.8999938964844,0.1703394312083937,0.1703394312083937,1,8600.865624616667,3,18,0,1,1.0,0.0,0.5,positive,agree
39,ubs hires financial advisor robert lauer in franklin tennessee,32,2025-10-16 17:58:02.658968+00:00,39.05500030517578,-0.2426595581109425,0.2426595581109425,-1,8602.870982833334,3,17,0,1,0.0,0.0,0.0,neutral,neutral
39,ubs hires financial advisor robert lauer in franklin tennessee,32,2025-10-16 17:58:02.658968+00:00,38.33000183105469,-2.0945074402671047,2.0945074402671047,-1,8602.870982833334,3,17,0,1,0.0,0.0,0.0,neutral,neutral
39,ubs hires financial advisor robert lauer in franklin tennessee,32,2025-10-16 17:58:02.658968+00:00,37.915000915527344,-3.154535280248209,3.154535280248209,-1,8602.870982833334,3,17,0,1,0.0,0.0,0.0,neutral,neutral
39,ubs hires financial advisor robert lauer in franklin tennessee,32,2025-10-16 17:58:02.658968+00:00,38.869998931884766,-0.7152045544852751,0.7152045544852751,-1,8602.870982833334,3,17,0,1,0.0,0.0,0.0,neutral,neutral
40,doordash partners with waymo for robot food delivery,33,2025-10-16 17:58:02.665547+00:00,92.11160278320312,0.3831741922266482,0.3831741922266482,1,8602.875839116667,3,17,0,1,0.0,0.0,0.0,neutral,neutral
40,doordash partners with waymo for robot food delivery,33,2025-10-16 17:58:02.665547+00:00,92.28500366210938,0.5721463749526385,0.5721463749526385,1,8602.875839116667,3,17,0,1,0.0,0.0,0.0,neutral,neutral
40,doordash partners with waymo for robot food delivery,33,2025-10-16 17:58:02.665547+00:00,91.77010345458984,0.0110084112077266,0.0110084112077266,1,8602.875839116667,3,17,0,1,0.0,0.0,0.0,neutral,neutral
40,doordash partners with waymo for robot food delivery,33,2025-10-16 17:58:02.665547+00:00,92.51000213623048,0.8173495886437763,0.8173495886437763,1,8602.875839116667,3,17,0,1,0.0,0.0,0.0,neutral,neutral
41,ocean freight rates plummet amid china chaos,34,2025-10-16 17:57:02.673623+00:00,3.595000028610229,0.4189973526213524,0.4189973526213524,1,8603.881130166666,3,17,0,1,0.0,-0.5719,-0.28595,negative,disagree
41,ocean freight rates plummet amid china chaos,34,2025-10-16 17:57:02.673623+00:00,3.509999990463257,-1.9553054395133385,1.9553054395133385,-1,8603.881130166666,3,17,0,1,0.0,-0.5719,-0.28595,negative,agree
41,ocean freight rates plummet amid china chaos,34,2025-10-16 17:57:02.673623+00:00,3.3276000022888184,-7.050277284809246,7.050277284809246,-1,8603.881130166666,3,17,0,1,0.0,-0.5719,-0.28595,negative,agree
41,ocean freight rates plummet amid china chaos,34,2025-10-16 17:57:02.673623+00:00,3.6059999465942383,0.726257638052352,0.726257638052352,1,8603.881130166666,3,17,0,1,0.0,-0.5719,-0.28595,negative,disagree
42,dave stock holds key level will its explosive profit growth continue,35,2025-10-16 17:56:02.680632+00:00,210.8500061035156,-1.33133724382558,1.33133724382558,-1,8604.885712916666,3,17,0,1,1.0,0.6705,0.83525,positive,disagree
42,dave stock holds key level will its explosive profit growth continue,35,2025-10-16 17:56:02.680632+00:00,205.0489044189453,-4.046001361255737,4.046001361255737,-1,8604.885712916666,3,17,0,1,1.0,0.6705,0.83525,positive,disagree
42,dave stock holds key level will its explosive profit growth continue,35,2025-10-16 17:56:02.680632+00:00,213.33999633789065,-0.1661297522920136,0.1661297522920136,-1,8604.885712916666,3,17,0,1,1.0,0.6705,0.83525,positive,disagree
42,dave stock holds key level will its explosive profit growth continue,35,2025-10-16 17:56:02.680632+00:00,211.44000244140625,-1.0552445333414828,1.0552445333414828,-1,8604.885712916666,3,17,0,1,1.0,0.6705,0.83525,positive,disagree
43,sensata technologies stock earns rs rating upgrade,36,2025-10-16 17:53:02.689413+00:00,31.39999961853028,-0.269972971807225,0.269972971807225,-1,8607.891401783334,3,17,0,1,1.0,0.0,0.5,positive,disagree
43,sensata technologies stock earns rs rating upgrade,36,2025-10-16 17:53:02.689413+00:00,31.559999465942383,0.2382050314020396,0.2382050314020396,1,8607.891401783334,3,17,0,1,1.0,0.0,0.5,positive,agree
43,sensata technologies stock earns rs rating upgrade,36,2025-10-16 17:53:02.689413+00:00,31.545000076293945,0.1905652367135617,0.1905652367135617,1,8607.891401783334,3,17,0,1,1.0,0.0,0.5,positive,agree
43,sensata technologies stock earns rs rating upgrade,36,2025-10-16 17:53:02.689413+00:00,31.815000534057617,1.0481178888640648,1.0481178888640648,1,8607.891401783334,3,17,0,1,1.0,0.0,0.5,positive,agree
44,sensata technologies stock earns rs rating upgrade,37,2025-10-16 17:53:02.695208+00:00,23.530000686645508,-0.2120408703236693,0.2120408703236693,-1,8607.896291016667,3,17,0,1,1.0,0.0,0.5,positive,disagree
44,sensata technologies stock earns rs rating upgrade,37,2025-10-16 17:53:02.695208+00:00,23.32999992370605,-1.0602205292997628,1.0602205292997628,-1,8607.896291016667,3,17,0,1,1.0,0.0,0.5,positive,disagree
44,sensata technologies stock earns rs rating upgrade,37,2025-10-16 17:53:02.695208+00:00,23.209999084472656,-1.5691299424535607,1.5691299424535607,-1,8607.896291016667,3,17,0,1,1.0,0.0,0.5,positive,disagree
44,sensata technologies stock earns rs rating upgrade,37,2025-10-16 17:53:02.695208+00:00,23.59000015258789,0.0424097918328754,0.0424097918328754,1,8607.896291016667,3,17,0,1,1.0,0.0,0.5,positive,agree
45,where will xrp be in 3 years,38,2025-10-16 17:52:02.703137+00:00,47.994998931884766,0.1565124495101871,0.1565124495101871,1,8608.901150716667,3,17,0,1,0.0,0.0,0.0,neutral,neutral
45,where will xrp be in 3 years,38,2025-10-16 17:52:02.703137+00:00,46.70500183105469,-2.5354682477388044,2.5354682477388044,-1,8608.901150716667,3,17,0,1,0.0,0.0,0.0,neutral,neutral
45,where will xrp be in 3 years,38,2025-10-16 17:52:02.703137+00:00,47.845001220703125,-0.1565044889563236,0.1565044889563236,-1,8608.901150716667,3,17,0,1,0.0,0.0,0.0,neutral,neutral
45,where will xrp be in 3 years,38,2025-10-16 17:52:02.703137+00:00,47.890098571777344,-0.0623948211820785,0.0623948211820785,-1,8608.901150716667,3,17,0,1,0.0,0.0,0.0,neutral,neutral
46,halozyme rallies almost 40 ytd how should you play the stock,39,2025-10-16 17:52:02.710757+00:00,192.2899932861328,0.3784568347489853,0.3784568347489853,1,8608.906797816666,3,17,0,1,0.0,0.34,0.17,positive,agree
46,halozyme rallies almost 40 ytd how should you play the stock,39,2025-10-16 17:52:02.710757+00:00,192.13999938964844,0.3001576179960434,0.3001576179960434,1,8608.906797816666,3,17,0,1,0.0,0.34,0.17,positive,agree
46,halozyme rallies almost 40 ytd how should you play the stock,39,2025-10-16 17:52:02.710757+00:00,193.04010009765625,0.7700246065046179,0.7700246065046179,1,8608.906797816666,3,17,0,1,0.0,0.34,0.17,positive,agree
46,halozyme rallies almost 40 ytd how should you play the stock,39,2025-10-16 17:52:02.710757+00:00,192.08999633789065,0.2740552239676212,0.2740552239676212,1,8608.906797816666,3,17,0,1,0.0,0.34,0.17,positive,agree
47,why broadcom stock surged this week,40,2025-10-16 17:52:02.717683+00:00,351.55499267578125,-0.6233087485791935,0.6233087485791935,-1,8608.911660616666,3,17,0,1,1.0,0.0,0.5,positive,disagree
47,why broadcom stock surged this week,40,2025-10-16 17:52:02.717683+00:00,347.95001220703125,-1.6423556643508184,1.6423556643508184,-1,8608.911660616666,3,17,0,1,1.0,0.0,0.5,positive,disagree
47,why broadcom stock surged this week,40,2025-10-16 17:52:02.717683+00:00,336.36199951171875,-4.9180262815553615,4.9180262815553615,-1,8608.911660616666,3,17,0,1,1.0,0.0,0.5,positive,disagree
47,why broadcom stock surged this week,40,2025-10-16 17:52:02.717683+00:00,354.1390075683594,0.1071341565671797,0.1071341565671797,1,8608.911660616666,3,17,0,1,1.0,0.0,0.5,positive,agree
48,t stock before q3 earnings a smart buy or risky investment,41,2025-10-16 17:52:02.725256+00:00,225.75,-0.0575548432805936,0.0575548432805936,-1,8608.917243233334,3,17,0,1,-1.0,0.2263,-0.38685,negative,agree
48,t stock before q3 earnings a smart buy or risky investment,41,2025-10-16 17:52:02.725256+00:00,227.32000732421875,0.6375077077554205,0.6375077077554205,1,8608.917243233334,3,17,0,1,-1.0,0.2263,-0.38685,negative,disagree
48,t stock before q3 earnings a smart buy or risky investment,41,2025-10-16 17:52:02.725256+00:00,227.009994506836,0.5002610233737514,0.5002610233737514,1,8608.917243233334,3,17,0,1,-1.0,0.2263,-0.38685,negative,disagree
48,t stock before q3 earnings a smart buy or risky investment,41,2025-10-16 17:52:02.725256+00:00,226.4499969482422,0.2523428604162647,0.2523428604162647,1,8608.917243233334,3,17,0,1,-1.0,0.2263,-0.38685,negative,disagree
49,sixth street said to bid 55 per share for brighthouse financial,42,2025-10-16 17:52:02.731760+00:00,46.05500030517578,-1.1695240059889112,1.1695240059889112,-1,8608.922287133333,3,17,0,1,1.0,0.296,0.648,positive,disagree
49,sixth street said to bid 55 per share for brighthouse financial,42,2025-10-16 17:52:02.731760+00:00,45.29999923706055,-2.789698024952705,2.789698024952705,-1,8608.922287133333,3,17,0,1,1.0,0.296,0.648,positive,disagree
49,sixth street said to bid 55 per share for brighthouse financial,42,2025-10-16 17:52:02.731760+00:00,46.40999984741211,-0.4077223882625199,0.4077223882625199,-1,8608.922287133333,3,17,0,1,1.0,0.296,0.648,positive,disagree
49,sixth street said to bid 55 per share for brighthouse financial,42,2025-10-16 17:52:02.731760+00:00,45.125,-3.165232880726855,3.165232880726855,-1,8608.922287133333,3,17,0,1,1.0,0.296,0.648,positive,disagree
50,exclusive worksport reports record q3 revenue gross profit,29,2025-10-16 17:52:02.738608+00:00,3.227299928665161,-4.8667638360820975,4.8667638360820975,-1,8608.927243716667,3,17,0,1,1.0,0.0772,0.5386,positive,disagree
50,exclusive worksport reports record q3 revenue gross profit,29,2025-10-16 17:52:02.738608+00:00,3.150000095367432,-7.145381708324909,7.145381708324909,-1,8608.927243716667,3,17,0,1,1.0,0.0772,0.5386,positive,disagree
50,exclusive worksport reports record q3 revenue gross profit,29,2025-10-16 17:52:02.738608+00:00,3.0899999141693115,-8.91404639210579,8.91404639210579,-1,8608.927243716667,3,17,0,1,1.0,0.0772,0.5386,positive,disagree
50,exclusive worksport reports record q3 revenue gross profit,29,2025-10-16 17:52:02.738608+00:00,3.150000095367432,-7.145381708324909,7.145381708324909,-1,8608.927243716667,3,17,0,1,1.0,0.0772,0.5386,positive,disagree
51,why asml stock was climbing this week,43,2025-10-16 17:52:02.742777+00:00,1018.25,-0.2527371890178932,0.2527371890178932,-1,8608.931014633334,3,17,0,1,0.0,0.0,0.0,neutral,neutral
51,why asml stock was climbing this week,43,2025-10-16 17:52:02.742777+00:00,1019.5900268554688,-0.121468825721831,0.121468825721831,-1,8608.931014633334,3,17,0,1,0.0,0.0,0.0,neutral,neutral
51,why asml stock was climbing this week,43,2025-10-16 17:52:02.742777+00:00,1005.6699829101562,-1.4850693970486233,1.4850693970486233,-1,8608.931014633334,3,17,0,1,0.0,0.0,0.0,neutral,neutral
51,why asml stock was climbing this week,43,2025-10-16 17:52:02.742777+00:00,1020.22998046875,-0.058779288524873,0.058779288524873,-1,8608.931014633334,3,17,0,1,0.0,0.0,0.0,neutral,neutral
52,oracle expects cloud sales of 166 billion by 2030 as business expands,16,2025-10-16 17:52:02.748980+00:00,316.4686889648437,-0.6143672460142896,0.6143672460142896,-1,8608.937616766667,3,17,0,1,0.0,0.1027,0.05135,positive,disagree
52,oracle expects cloud sales of 166 billion by 2030 as business expands,16,2025-10-16 17:52:02.748980+00:00,299.95660400390625,-5.799916619945084,5.799916619945084,-1,8608.937616766667,3,17,0,1,0.0,0.1027,0.05135,positive,disagree
52,oracle expects cloud sales of 166 billion by 2030 as business expands,16,2025-10-16 17:52:02.748980+00:00,270.67999267578125,-14.99411068462692,14.99411068462692,-1,8608.937616766667,3,17,0,1,0.0,0.1027,0.05135,positive,disagree
52,oracle expects cloud sales of 166 billion by 2030 as business expands,16,2025-10-16 17:52:02.748980+00:00,313.0299987792969,-1.6942731319752928,1.6942731319752928,-1,8608.937616766667,3,17,0,1,0.0,0.1027,0.05135,positive,disagree
53,ibm stock before q3 earnings release a smart buy or risky investment,16,2025-10-16 17:52:02.754612+00:00,316.4686889648437,-0.6143672460142896,0.6143672460142896,-1,8608.943202550001,3,17,0,1,-1.0,0.2263,-0.38685,negative,agree
53,ibm stock before q3 earnings release a smart buy or risky investment,16,2025-10-16 17:52:02.754612+00:00,299.95660400390625,-5.799916619945084,5.799916619945084,-1,8608.943202550001,3,17,0,1,-1.0,0.2263,-0.38685,negative,agree
53,ibm stock before q3 earnings release a smart buy or risky investment,16,2025-10-16 17:52:02.754612+00:00,270.67999267578125,-14.99411068462692,14.99411068462692,-1,8608.943202550001,3,17,0,1,-1.0,0.2263,-0.38685,negative,agree
53,ibm stock before q3 earnings release a smart buy or risky investment,16,2025-10-16 17:52:02.754612+00:00,313.0299987792969,-1.6942731319752928,1.6942731319752928,-1,8608.943202550001,3,17,0,1,-1.0,0.2263,-0.38685,negative,agree
54,xencor stock earns relative strength rating upgrade,44,2025-10-16 17:52:02.758872+00:00,14.850000381469728,-1.328902370302037,1.328902370302037,-1,8608.949578066668,3,17,0,1,1.0,0.4939,0.74695,positive,disagree
54,xencor stock earns relative strength rating upgrade,44,2025-10-16 17:52:02.758872+00:00,14.895000457763672,-1.0298985448957862,1.0298985448957862,-1,8608.949578066668,3,17,0,1,1.0,0.4939,0.74695,positive,disagree
54,xencor stock earns relative strength rating upgrade,44,2025-10-16 17:52:02.758872+00:00,13.93000030517578,-7.441859610397749,7.441859610397749,-1,8608.949578066668,3,17,0,1,1.0,0.4939,0.74695,positive,disagree
54,xencor stock earns relative strength rating upgrade,44,2025-10-16 17:52:02.758872+00:00,14.960000038146973,-0.5980076508125021,0.5980076508125021,-1,8608.949578066668,3,17,0,1,1.0,0.4939,0.74695,positive,disagree
55,alibaba says ai investment in ecommerce reaches breakeven point,45,2025-10-16 17:52:02.765323+00:00,165.64999389648438,0.0271719876249056,0.0271719876249056,1,8608.954509366666,3,17,0,1,1.0,0.0516,0.5258,positive,agree
55,alibaba says ai investment in ecommerce reaches breakeven point,45,2025-10-16 17:52:02.765323+00:00,161.23500061035156,-2.638806334307219,2.638806334307219,-1,8608.954509366666,3,17,0,1,1.0,0.0516,0.5258,positive,disagree
55,alibaba says ai investment in ecommerce reaches breakeven point,45,2025-10-16 17:52:02.765323+00:00,164.47000122070312,-0.6853624806725532,0.6853624806725532,-1,8608.954509366666,3,17,0,1,1.0,0.0516,0.5258,positive,disagree
55,alibaba says ai investment in ecommerce reaches breakeven point,45,2025-10-16 17:52:02.765323+00:00,165.0800018310547,-0.3170157362572075,0.3170157362572075,-1,8608.954509366666,3,17,0,1,1.0,0.0516,0.5258,positive,disagree
56,snowflake stock climbs after striking highprofile ai deal with palantir,46,2025-10-16 17:52:02.772984+00:00,178.66000366210938,-0.4013832094460561,0.4013832094460561,-1,8608.960251916667,3,17,0,1,1.0,0.0,0.5,positive,disagree
56,snowflake stock climbs after striking highprofile ai deal with palantir,46,2025-10-16 17:52:02.772984+00:00,176.8000030517578,-1.4382884161142608,1.4382884161142608,-1,8608.960251916667,3,17,0,1,1.0,0.0,0.5,positive,disagree
56,snowflake stock climbs after striking highprofile ai deal with palantir,46,2025-10-16 17:52:02.772984+00:00,171.2899932861328,-4.50998515802518,4.50998515802518,-1,8608.960251916667,3,17,0,1,1.0,0.0,0.5,positive,disagree
56,snowflake stock climbs after striking highprofile ai deal with palantir,46,2025-10-16 17:52:02.772984+00:00,178.1199951171875,-0.7024248697329193,0.7024248697329193,-1,8608.960251916667,3,17,0,1,1.0,0.0,0.5,positive,disagree
57,tsmc sees continued ai strength,31,2025-10-16 17:52:02.780158+00:00,298.8999938964844,-0.0818984526517684,0.0818984526517684,-1,8608.9661729,3,17,0,1,1.0,0.4939,0.74695,positive,disagree
57,tsmc sees continued ai strength,31,2025-10-16 17:52:02.780158+00:00,297.25,-0.6334684127318837,0.6334684127318837,-1,8608.9661729,3,17,0,1,1.0,0.4939,0.74695,positive,disagree
57,tsmc sees continued ai strength,31,2025-10-16 17:52:02.780158+00:00,287.44000244140625,-3.91281385352929,3.91281385352929,-1,8608.9661729,3,17,0,1,1.0,0.4939,0.74695,positive,disagree
57,tsmc sees continued ai strength,31,2025-10-16 17:52:02.780158+00:00,299.8999938964844,0.2523876081969048,0.2523876081969048,1,8608.9661729,3,17,0,1,1.0,0.4939,0.74695,positive,agree
58,richard fain captained royal caribbean to become cruise giant,47,2025-10-16 17:52:02.786325+00:00,298.7026062011719,-1.1851059157872952,1.1851059157872952,-1,8608.971941383334,3,17,0,1,1.0,0.0,0.5,positive,disagree
58,richard fain captained royal caribbean to become cruise giant,47,2025-10-16 17:52:02.786325+00:00,299.0899963378906,-1.0569519776078906,1.0569519776078906,-1,8608.971941383334,3,17,0,1,1.0,0.0,0.5,positive,disagree
58,richard fain captained royal caribbean to become cruise giant,47,2025-10-16 17:52:02.786325+00:00,318.54998779296875,5.380678476872172,5.380678476872172,1,8608.971941383334,3,17,0,1,1.0,0.0,0.5,positive,agree
58,richard fain captained royal caribbean to become cruise giant,47,2025-10-16 17:52:02.786325+00:00,298.4599914550781,-1.2653661811509525,1.2653661811509525,-1,8608.971941383334,3,17,0,1,1.0,0.0,0.5,positive,disagree
59,taco bell rolls out flamin hot grilled cheese burrito,48,2025-10-16 17:52:02.793068+00:00,43.2400016784668,-0.2537411753773471,0.2537411753773471,-1,8608.977265283333,3,17,0,1,0.0,0.0,0.0,neutral,neutral
59,taco bell rolls out flamin hot grilled cheese burrito,48,2025-10-16 17:52:02.793068+00:00,43.19499969482422,-0.3575519832818576,0.3575519832818576,-1,8608.977265283333,3,17,0,1,0.0,0.0,0.0,neutral,neutral
59,taco bell rolls out flamin hot grilled cheese burrito,48,2025-10-16 17:52:02.793068+00:00,45.20000076293945,4.267594818769754,4.267594818769754,1,8608.977265283333,3,17,0,1,0.0,0.0,0.0,neutral,neutral
59,taco bell rolls out flamin hot grilled cheese burrito,48,2025-10-16 17:52:02.793068+00:00,43.31999969482422,-0.0692013387607927,0.0692013387607927,-1,8608.977265283333,3,17,0,1,0.0,0.0,0.0,neutral,neutral
60,coinbase launches global usdc payouts and payment links  what changes for merchants,49,2025-10-16 17:52:02.799082+00:00,336.3393859863281,0.368957953783267,0.368957953783267,1,8609.01296035,3,17,0,1,0.0,0.0,0.0,neutral,neutral
60,coinbase launches global usdc payouts and payment links  what changes for merchants,49,2025-10-16 17:52:02.799082+00:00,319.19000244140625,-4.748687578291095,4.748687578291095,-1,8609.01296035,3,17,0,1,0.0,0.0,0.0,neutral,neutral
60,coinbase launches global usdc payouts and payment links  what changes for merchants,49,2025-10-16 17:52:02.799082+00:00,313.8800048828125,-6.333274290103824,6.333274290103824,-1,8609.01296035,3,17,0,1,0.0,0.0,0.0,neutral,neutral
60,coinbase launches global usdc payouts and payment links  what changes for merchants,49,2025-10-16 17:52:02.799082+00:00,330.1600036621094,-1.4750668334448171,1.4750668334448171,-1,8609.01296035,3,17,0,1,0.0,0.0,0.0,neutral,neutral
61,why astera labs stock imploded this week,50,2025-10-16 17:52:02.805981+00:00,164.35369873046875,0.2401146624058203,0.2401146624058203,1,8609.018278116668,3,17,0,1,0.0,0.0,0.0,neutral,neutral
61,why astera labs stock imploded this week,50,2025-10-16 17:52:02.805981+00:00,157.80230712890625,-3.755610717744707,3.755610717744707,-1,8609.018278116668,3,17,0,1,0.0,0.0,0.0,neutral,neutral
61,why astera labs stock imploded this week,50,2025-10-16 17:52:02.805981+00:00,150.10000610351562,-8.453281314228764,8.453281314228764,-1,8609.018278116668,3,17,0,1,0.0,0.0,0.0,neutral,neutral
61,why astera labs stock imploded this week,50,2025-10-16 17:52:02.805981+00:00,163.61000061035156,-0.2134704130175073,0.2134704130175073,-1,8609.018278116668,3,17,0,1,0.0,0.0,0.0,neutral,neutral
62,salesforce forecasts 60 billion in revenue by 2030 shares jump,10,2025-10-16 17:52:02.811956+00:00,246.3950042724609,-0.3659517865462647,0.3659517865462647,-1,8609.0238721,3,17,0,1,0.0,0.296,0.148,positive,disagree
62,salesforce forecasts 60 billion in revenue by 2030 shares jump,10,2025-10-16 17:52:02.811956+00:00,245.7700042724609,-0.6186812617938622,0.6186812617938622,-1,8609.0238721,3,17,0,1,0.0,0.296,0.148,positive,disagree
62,salesforce forecasts 60 billion in revenue by 2030 shares jump,10,2025-10-16 17:52:02.811956+00:00,259.0799865722656,4.763438485701256,4.763438485701256,1,8609.0238721,3,17,0,1,0.0,0.296,0.148,positive,agree
62,salesforce forecasts 60 billion in revenue by 2030 shares jump,10,2025-10-16 17:52:02.811956+00:00,246.0,-0.5256785425456436,0.5256785425456436,-1,8609.0238721,3,17,0,1,0.0,0.296,0.148,positive,disagree
63,idacorp schedules third quarter 2025 earnings release  conference call,51,2025-10-16 17:52:02.816030+00:00,135.27999877929688,-0.0923156464878697,0.0923156464878697,-1,8609.031448016667,3,17,0,1,0.0,0.0,0.0,neutral,neutral
63,idacorp schedules third quarter 2025 earnings release  conference call,51,2025-10-16 17:52:02.816030+00:00,135.9949951171875,0.4357271468627893,0.4357271468627893,1,8609.031448016667,3,17,0,1,0.0,0.0,0.0,neutral,neutral
63,idacorp schedules third quarter 2025 earnings release  conference call,51,2025-10-16 17:52:02.816030+00:00,136.3300018310547,0.683138037810199,0.683138037810199,1,8609.031448016667,3,17,0,1,0.0,0.0,0.0,neutral,neutral
63,idacorp schedules third quarter 2025 earnings release  conference call,51,2025-10-16 17:52:02.816030+00:00,135.82000732421875,0.306494256979624,0.306494256979624,1,8609.031448016667,3,17,0,1,0.0,0.0,0.0,neutral,neutral
64,docusign ceo says openais speed of development is forcing companies to move faster,10,2025-10-16 17:52:02.823085+00:00,246.3950042724609,-0.3659517865462647,0.3659517865462647,-1,8609.036824333332,3,17,0,1,1.0,0.0,0.5,positive,disagree
64,docusign ceo says openais speed of development is forcing companies to move faster,10,2025-10-16 17:52:02.823085+00:00,245.7700042724609,-0.6186812617938622,0.6186812617938622,-1,8609.036824333332,3,17,0,1,1.0,0.0,0.5,positive,disagree
64,docusign ceo says openais speed of development is forcing companies to move faster,10,2025-10-16 17:52:02.823085+00:00,259.0799865722656,4.763438485701256,4.763438485701256,1,8609.036824333332,3,17,0,1,1.0,0.0,0.5,positive,agree
64,docusign ceo says openais speed of development is forcing companies to move faster,10,2025-10-16 17:52:02.823085+00:00,246.0,-0.5256785425456436,0.5256785425456436,-1,8609.036824333332,3,17,0,1,1.0,0.0,0.5,positive,disagree
65,cunards dazzling queen elizabeth arrives to miami for the first time to begin a full season in the caribbean,52,2025-10-16 17:52:02.827234+00:00,28.100000381469727,-1.247582299027088,1.247582299027088,-1,8609.042073883333,3,17,0,1,0.0,0.0,0.0,neutral,neutral
65,cunards dazzling queen elizabeth arrives to miami for the first time to begin a full season in the caribbean,52,2025-10-16 17:52:02.827234+00:00,28.1294002532959,-1.144261715983689,1.144261715983689,-1,8609.042073883333,3,17,0,1,0.0,0.0,0.0,neutral,neutral
65,cunards dazzling queen elizabeth arrives to miami for the first time to begin a full season in the caribbean,52,2025-10-16 17:52:02.827234+00:00,29.875,4.990335899143453,4.990335899143453,1,8609.042073883333,3,17,0,1,0.0,0.0,0.0,neutral,neutral
65,cunards dazzling queen elizabeth arrives to miami for the first time to begin a full season in the caribbean,52,2025-10-16 17:52:02.827234+00:00,28.209999084472656,-0.8610115617300936,0.8610115617300936,-1,8609.042073883333,3,17,0,1,0.0,0.0,0.0,neutral,neutral
66,ai isnt free american workers are picking up the huge tab,6,2025-10-16 17:52:02.834733+00:00,106.05999755859376,-0.1412310772732467,0.1412310772732467,-1,8609.046944366668,3,17,0,1,1.0,-0.1032,0.4484,positive,disagree
66,ai isnt free american workers are picking up the huge tab,6,2025-10-16 17:52:02.834733+00:00,106.9000015258789,0.6496586454703442,0.6496586454703442,1,8609.046944366668,3,17,0,1,1.0,-0.1032,0.4484,positive,agree
66,ai isnt free american workers are picking up the huge tab,6,2025-10-16 17:52:02.834733+00:00,107.5500030517578,1.2616551914470902,1.2616551914470902,1,8609.046944366668,3,17,0,1,1.0,-0.1032,0.4484,positive,agree
66,ai isnt free american workers are picking up the huge tab,6,2025-10-16 17:52:02.834733+00:00,106.47000122070312,0.2448000550528953,0.2448000550528953,1,8609.046944366668,3,17,0,1,1.0,-0.1032,0.4484,positive,agree
67,stocks open higher led by alphabet walmart,16,2025-10-16 17:52:02.839716+00:00,316.4686889648437,-0.6143672460142896,0.6143672460142896,-1,8609.052279316667,3,17,0,1,0.0,0.0,0.0,neutral,neutral
67,stocks open higher led by alphabet walmart,16,2025-10-16 17:52:02.839716+00:00,299.95660400390625,-5.799916619945084,5.799916619945084,-1,8609.052279316667,3,17,0,1,0.0,0.0,0.0,neutral,neutral
67,stocks open higher led by alphabet walmart,16,2025-10-16 17:52:02.839716+00:00,270.8598022460937,-14.937642261228753,14.937642261228753,-1,8609.052279316667,3,17,0,1,0.0,0.0,0.0,neutral,neutral
67,stocks open higher led by alphabet walmart,16,2025-10-16 17:52:02.839716+00:00,313.0299987792969,-1.6942731319752928,1.6942731319752928,-1,8609.052279316667,3,17,0,1,0.0,0.0,0.0,neutral,neutral
68,google ibd stock of the day closing in on ai winners circle,53,2025-10-16 17:52:02.843739+00:00,252.0200042724609,0.174895634869153,0.174895634869153,1,8609.0577078,3,17,0,1,1.0,0.4767,0.7383500000000001,positive,agree
68,google ibd stock of the day closing in on ai winners circle,53,2025-10-16 17:52:02.843739+00:00,250.3000030517578,-0.5087839931555616,0.5087839931555616,-1,8609.0577078,3,17,0,1,1.0,0.4767,0.7383500000000001,positive,disagree
68,google ibd stock of the day closing in on ai winners circle,53,2025-10-16 17:52:02.843739+00:00,250.0890045166016,-0.5926533522542802,0.5926533522542802,-1,8609.0577078,3,17,0,1,1.0,0.4767,0.7383500000000001,positive,disagree
68,google ibd stock of the day closing in on ai winners circle,53,2025-10-16 17:52:02.843739+00:00,251.38999938964844,-0.0755236664374633,0.0755236664374633,-1,8609.0577078,3,17,0,1,1.0,0.4767,0.7383500000000001,positive,disagree
69,amd gains analyst praise as gpu revenue outlook strengthens,54,2025-10-16 17:52:02.849591+00:00,237.36920166015625,0.0924342269928789,0.0924342269928789,1,8609.063451733333,3,17,0,1,1.0,0.8402,0.9200999999999999,positive,agree
69,amd gains analyst praise as gpu revenue outlook strengthens,54,2025-10-16 17:52:02.849591+00:00,232.3699951171875,-2.0156014768372024,2.0156014768372024,-1,8609.063451733333,3,17,0,1,1.0,0.8402,0.9200999999999999,positive,disagree
69,amd gains analyst praise as gpu revenue outlook strengthens,54,2025-10-16 17:52:02.849591+00:00,226.63999938964844,-4.431792020801626,4.431792020801626,-1,8609.063451733333,3,17,0,1,1.0,0.8402,0.9200999999999999,positive,disagree
69,amd gains analyst praise as gpu revenue outlook strengthens,54,2025-10-16 17:52:02.849591+00:00,234.57000732421875,-1.0879134044556564,1.0879134044556564,-1,8609.063451733333,3,17,0,1,1.0,0.8402,0.9200999999999999,positive,disagree
70,tenyear treasury yield falls below 4,55,2025-10-16 17:52:02.861556+00:00,105.33499908447266,-0.7069802577863011,0.7069802577863011,-1,8609.068425233334,3,17,0,1,0.0,0.2023,0.10115,positive,disagree
70,tenyear treasury yield falls below 4,55,2025-10-16 17:52:02.861556+00:00,106.5,0.3911966056547633,0.3911966056547633,1,8609.068425233334,3,17,0,1,0.0,0.2023,0.10115,positive,agree
70,tenyear treasury yield falls below 4,55,2025-10-16 17:52:02.861556+00:00,109.66999816894533,3.3793647692055098,3.3793647692055098,1,8609.068425233334,3,17,0,1,0.0,0.2023,0.10115,positive,agree
70,tenyear treasury yield falls below 4,55,2025-10-16 17:52:02.861556+00:00,106.54000091552734,0.428903082416376,0.428903082416376,1,8609.068425233334,3,17,0,1,0.0,0.2023,0.10115,positive,agree
71,3 highyield banks for investors to buy on the dip,56,2025-10-20 19:19:42.564080+00:00,52.5551986694336,1.41875526618887,1.41875526618887,1,2761.4143017666665,0,19,0,1,0.0,0.0,0.0,neutral,neutral
71,3 highyield banks for investors to buy on the dip,56,2025-10-20 19:19:42.564080+00:00,52.5551986694336,1.41875526618887,1.41875526618887,1,2761.4143017666665,0,19,0,1,0.0,0.0,0.0,neutral,neutral
71,3 highyield banks for investors to buy on the dip,56,2025-10-20 19:19:42.564080+00:00,51.73500061035156,-0.1640275665249491,0.1640275665249491,-1,2761.4143017666665,0,19,0,1,0.0,0.0,0.0,neutral,neutral
71,3 highyield banks for investors to buy on the dip,56,2025-10-20 19:19:42.564080+00:00,52.0,0.3473568240753187,0.3473568240753187,1,2761.4143017666665,0,19,0,1,0.0,0.0,0.0,neutral,neutral
72,historic signal says chewy stock has more room to run,57,2025-10-20 19:04:42.607116+00:00,37.1150016784668,-1.3030125508157142,1.3030125508157142,-1,2776.42043915,0,19,0,1,0.0,0.0,0.0,neutral,neutral
72,historic signal says chewy stock has more room to run,57,2025-10-20 19:04:42.607116+00:00,37.1150016784668,-1.3030125508157142,1.3030125508157142,-1,2776.42043915,0,19,0,1,0.0,0.0,0.0,neutral,neutral
72,historic signal says chewy stock has more room to run,57,2025-10-20 19:04:42.607116+00:00,36.34999847412109,-3.337325045585151,3.337325045585151,-1,2776.42043915,0,19,0,1,0.0,0.0,0.0,neutral,neutral
72,historic signal says chewy stock has more room to run,57,2025-10-20 19:04:42.607116+00:00,37.470001220703125,-0.3589903554754169,0.3589903554754169,-1,2776.42043915,0,19,0,1,0.0,0.0,0.0,neutral,neutral
111,transaction in own shares,89,2025-10-20 17:19:42.902560+00:00,72.92500305175781,0.0754772925795738,0.0754772925795738,1,2881.422372933333,0,17,0,1,0.0,0.296,0.148,positive,agree
111,transaction in own shares,89,2025-10-20 17:19:42.902560+00:00,73.11000061035156,0.3293506994972473,0.3293506994972473,1,2881.422372933333,0,17,0,1,0.0,0.296,0.148,positive,agree
111,transaction in own shares,89,2025-10-20 17:19:42.902560+00:00,73.9000015258789,1.4134743247902335,1.4134743247902335,1,2881.422372933333,0,17,0,1,0.0,0.296,0.148,positive,agree
111,transaction in own shares,89,2025-10-20 17:19:42.902560+00:00,72.80999755859375,-0.0823455272767857,0.0823455272767857,-1,2881.422372933333,0,17,0,1,0.0,0.296,0.148,positive,disagree
73,warner bros discovery to report third quarter 2025 results on thursday november 6,58,2025-10-20 19:00:42.613626+00:00,20.011499404907227,8.787708110446422,8.787708110446422,1,2780.433689,0,19,0,1,0.0,0.0,0.0,neutral,neutral
73,warner bros discovery to report third quarter 2025 results on thursday november 6,58,2025-10-20 19:00:42.613626+00:00,20.011499404907227,8.787708110446422,8.787708110446422,1,2780.433689,0,19,0,1,0.0,0.0,0.0,neutral,neutral
73,warner bros discovery to report third quarter 2025 results on thursday november 6,58,2025-10-20 19:00:42.613626+00:00,20.25,10.084259288253614,10.084259288253614,1,2780.433689,0,19,0,1,0.0,0.0,0.0,neutral,neutral
73,warner bros discovery to report third quarter 2025 results on thursday november 6,58,2025-10-20 19:00:42.613626+00:00,18.30500030517578,-0.4892642041218638,0.4892642041218638,-1,2780.433689,0,19,0,1,0.0,0.0,0.0,neutral,neutral
74,apple stock powers the dow after iphone sales bull notes,59,2025-10-20 18:49:42.618889+00:00,263.75,0.2222907438616664,0.2222907438616664,1,2791.4397717333336,0,18,0,1,0.0,0.0,0.0,neutral,neutral
74,apple stock powers the dow after iphone sales bull notes,59,2025-10-20 18:49:42.618889+00:00,262.2799987792969,-0.3362946200630355,0.3362946200630355,-1,2791.4397717333336,0,18,0,1,0.0,0.0,0.0,neutral,neutral
74,apple stock powers the dow after iphone sales bull notes,59,2025-10-20 18:49:42.618889+00:00,257.0,-2.3426399197253147,2.3426399197253147,-1,2791.4397717333336,0,18,0,1,0.0,0.0,0.0,neutral,neutral
74,apple stock powers the dow after iphone sales bull notes,59,2025-10-20 18:49:42.618889+00:00,262.2300109863281,-0.3552894679134925,0.3552894679134925,-1,2791.4397717333336,0,18,0,1,0.0,0.0,0.0,neutral,neutral
75,signal buy the dip on struggling carvana stock,60,2025-10-20 18:48:42.623219+00:00,335.7950134277344,-0.8254771081207727,0.8254771081207727,-1,2792.447566833333,0,18,0,1,0.0,-0.4215,-0.21075,negative,agree
75,signal buy the dip on struggling carvana stock,60,2025-10-20 18:48:42.623219+00:00,345.8800048828125,2.153049004332344,2.153049004332344,1,2792.447566833333,0,18,0,1,0.0,-0.4215,-0.21075,negative,disagree
75,signal buy the dip on struggling carvana stock,60,2025-10-20 18:48:42.623219+00:00,315.4599914550781,-6.831272374547733,6.831272374547733,-1,2792.447566833333,0,18,0,1,0.0,-0.4215,-0.21075,negative,agree
75,signal buy the dip on struggling carvana stock,60,2025-10-20 18:48:42.623219+00:00,337.4200134277344,-0.3455456223782476,0.3455456223782476,-1,2792.447566833333,0,18,0,1,0.0,-0.4215,-0.21075,negative,agree
76,canam 3wheel vehicle the canyon redrock awarded motorcycle of the year,61,2025-10-20 18:29:42.628054+00:00,66.19999694824219,-0.0603878575141418,0.0603878575141418,-1,2811.4558731666666,0,18,0,1,0.0,0.4019,0.20095,positive,disagree
76,canam 3wheel vehicle the canyon redrock awarded motorcycle of the year,61,2025-10-20 18:29:42.628054+00:00,65.73999786376953,-0.7548309422175854,0.7548309422175854,-1,2811.4558731666666,0,18,0,1,0.0,0.4019,0.20095,positive,disagree
76,canam 3wheel vehicle the canyon redrock awarded motorcycle of the year,61,2025-10-20 18:29:42.628054+00:00,65.13999938964844,-1.6606257693174629,1.6606257693174629,-1,2811.4558731666666,0,18,0,1,0.0,0.4019,0.20095,positive,disagree
76,canam 3wheel vehicle the canyon redrock awarded motorcycle of the year,61,2025-10-20 18:29:42.628054+00:00,66.23999786376953,0.0,0.0,0,2811.4558731666666,0,18,0,1,0.0,0.4019,0.20095,positive,disagree
77,arhaus opens largest showroom to date in pasadena california,62,2025-10-20 18:19:42.633370+00:00,10.625,0.7108986531678213,0.7108986531678213,1,2821.4624519,0,18,0,1,0.0,0.0,0.0,neutral,neutral
77,arhaus opens largest showroom to date in pasadena california,62,2025-10-20 18:19:42.633370+00:00,10.609999656677246,0.5687153067075303,0.5687153067075303,1,2821.4624519,0,18,0,1,0.0,0.0,0.0,neutral,neutral
77,arhaus opens largest showroom to date in pasadena california,62,2025-10-20 18:19:42.633370+00:00,10.32699966430664,-2.113749027455605,2.113749027455605,-1,2821.4624519,0,18,0,1,0.0,0.0,0.0,neutral,neutral
77,arhaus opens largest showroom to date in pasadena california,62,2025-10-20 18:19:42.633370+00:00,10.65999984741211,1.0426507553416835,1.0426507553416835,1,2821.4624519,0,18,0,1,0.0,0.0,0.0,neutral,neutral
78,with risks facing the market expert says investors will be seeking quality,63,2025-10-20 18:19:42.637791+00:00,13.095000267028809,0.8471360281861628,0.8471360281861628,1,2821.47051095,0,18,0,1,-1.0,-0.2732,-0.6366,negative,disagree
78,with risks facing the market expert says investors will be seeking quality,63,2025-10-20 18:19:42.637791+00:00,13.0,0.1155205523246996,0.1155205523246996,1,2821.47051095,0,18,0,1,-1.0,-0.2732,-0.6366,negative,disagree
78,with risks facing the market expert says investors will be seeking quality,63,2025-10-20 18:19:42.637791+00:00,12.484999656677246,-3.850596944320181,3.850596944320181,-1,2821.47051095,0,18,0,1,-1.0,-0.2732,-0.6366,negative,agree
78,with risks facing the market expert says investors will be seeking quality,63,2025-10-20 18:19:42.637791+00:00,13.045000076293944,0.4620748648679813,0.4620748648679813,1,2821.47051095,0,18,0,1,-1.0,-0.2732,-0.6366,negative,disagree
79,squawk pod bitcoins bump an aws outage  a jewel heist  102025  audio only,49,2025-10-20 18:19:42.641607+00:00,347.1200866699219,0.3179289321942997,0.3179289321942997,1,2821.47616975,0,18,0,1,0.0,0.3612,0.1806,positive,agree
79,squawk pod bitcoins bump an aws outage  a jewel heist  102025  audio only,49,2025-10-20 18:19:42.641607+00:00,343.1400146484375,-0.8323144490709126,0.8323144490709126,-1,2821.47616975,0,18,0,1,0.0,0.3612,0.1806,positive,disagree
79,squawk pod bitcoins bump an aws outage  a jewel heist  102025  audio only,49,2025-10-20 18:19:42.641607+00:00,313.7200012207031,-9.334717304927873,9.334717304927873,-1,2821.47616975,0,18,0,1,0.0,0.3612,0.1806,positive,disagree
79,squawk pod bitcoins bump an aws outage  a jewel heist  102025  audio only,49,2025-10-20 18:19:42.641607+00:00,343.7900085449219,-0.6444657937556,0.6444657937556,-1,2821.47616975,0,18,0,1,0.0,0.3612,0.1806,positive,disagree
80,scripps to release thirdquarter 2025 operating results on nov 6,64,2025-10-20 18:19:42.643906+00:00,2.2699999809265137,0.2207450680250806,0.2207450680250806,1,2821.481924033333,0,18,0,1,0.0,0.0,0.0,neutral,neutral
80,scripps to release thirdquarter 2025 operating results on nov 6,64,2025-10-20 18:19:42.643906+00:00,2.2699999809265137,0.2207450680250806,0.2207450680250806,1,2821.481924033333,0,18,0,1,0.0,0.0,0.0,neutral,neutral
80,scripps to release thirdquarter 2025 operating results on nov 6,64,2025-10-20 18:19:42.643906+00:00,2.345000028610229,3.532005298050052,3.532005298050052,1,2821.481924033333,0,18,0,1,0.0,0.0,0.0,neutral,neutral
80,scripps to release thirdquarter 2025 operating results on nov 6,64,2025-10-20 18:19:42.643906+00:00,2.265000104904175,0.0,0.0,0,2821.481924033333,0,18,0,1,0.0,0.0,0.0,neutral,neutral
81,if youd invested 500 in tilray brands 5 years ago heres how much youd have today,65,2025-10-20 18:19:42.651981+00:00,1.5850000381469729,0.6349200101906909,0.6349200101906909,1,2821.4885688333334,0,18,0,1,0.0,0.0,0.0,neutral,neutral
81,if youd invested 500 in tilray brands 5 years ago heres how much youd have today,65,2025-10-20 18:19:42.651981+00:00,1.5299999713897705,-2.857147614701661,2.857147614701661,-1,2821.4885688333334,0,18,0,1,0.0,0.0,0.0,neutral,neutral
81,if youd invested 500 in tilray brands 5 years ago heres how much youd have today,65,2025-10-20 18:19:42.651981+00:00,1.4149999618530271,-10.158735300738158,10.158735300738158,-1,2821.4885688333334,0,18,0,1,0.0,0.0,0.0,neutral,neutral
81,if youd invested 500 in tilray brands 5 years ago heres how much youd have today,65,2025-10-20 18:19:42.651981+00:00,1.565000057220459,-0.6349200101906909,0.6349200101906909,-1,2821.4885688333334,0,18,0,1,0.0,0.0,0.0,neutral,neutral
82,hii hosts hd hyundai heavy industries leaders at ingalls shipbuilding reinforcing strategic partnership,66,2025-10-20 18:19:42.660766+00:00,286.2349853515625,0.2855342602085849,0.2855342602085849,1,2821.4978746,0,18,0,1,1.0,0.0,0.5,positive,agree
82,hii hosts hd hyundai heavy industries leaders at ingalls shipbuilding reinforcing strategic partnership,66,2025-10-20 18:19:42.660766+00:00,288.04998779296875,0.9214400677968784,0.9214400677968784,1,2821.4978746,0,18,0,1,1.0,0.0,0.5,positive,agree
82,hii hosts hd hyundai heavy industries leaders at ingalls shipbuilding reinforcing strategic partnership,66,2025-10-20 18:19:42.660766+00:00,283.510009765625,-0.6691905165203034,0.6691905165203034,-1,2821.4978746,0,18,0,1,1.0,0.0,0.5,positive,disagree
82,hii hosts hd hyundai heavy industries leaders at ingalls shipbuilding reinforcing strategic partnership,66,2025-10-20 18:19:42.660766+00:00,285.6400146484375,0.0770798158338771,0.0770798158338771,1,2821.4978746,0,18,0,1,1.0,0.0,0.5,positive,agree
83,cushman  wakefield hires new president of asset services multifamily,67,2025-10-20 18:19:42.671784+00:00,16.145000457763672,-0.0309545565615097,0.0309545565615097,-1,2821.5033447,0,18,0,1,0.0,0.3612,0.1806,positive,disagree
83,cushman  wakefield hires new president of asset services multifamily,67,2025-10-20 18:19:42.671784+00:00,16.06999969482422,-0.4953555764438777,0.4953555764438777,-1,2821.5033447,0,18,0,1,0.0,0.3612,0.1806,positive,disagree
83,cushman  wakefield hires new president of asset services multifamily,67,2025-10-20 18:19:42.671784+00:00,16.280000686645508,0.8049601931016335,0.8049601931016335,1,2821.5033447,0,18,0,1,0.0,0.3612,0.1806,positive,agree
83,cushman  wakefield hires new president of asset services multifamily,67,2025-10-20 18:19:42.671784+00:00,16.1299991607666,-0.1238418466631023,0.1238418466631023,-1,2821.5033447,0,18,0,1,0.0,0.3612,0.1806,positive,disagree
84,why is opendoor open stock rocketing higher today,68,2025-10-20 18:19:42.681212+00:00,7.370100021362305,-0.806188537822782,0.806188537822782,-1,2821.511131166667,0,18,0,1,0.0,0.0,0.0,neutral,neutral
84,why is opendoor open stock rocketing higher today,68,2025-10-20 18:19:42.681212+00:00,7.165599822998047,-3.558546587472762,3.558546587472762,-1,2821.511131166667,0,18,0,1,0.0,0.0,0.0,neutral,neutral
84,why is opendoor open stock rocketing higher today,68,2025-10-20 18:19:42.681212+00:00,6.410099983215332,-13.726781543564917,13.726781543564917,-1,2821.511131166667,0,18,0,1,0.0,0.0,0.0,neutral,neutral
84,why is opendoor open stock rocketing higher today,68,2025-10-20 18:19:42.681212+00:00,7.364999771118164,-0.8748325534617576,0.8748325534617576,-1,2821.511131166667,0,18,0,1,0.0,0.0,0.0,neutral,neutral
85,micron mu stock trades up here is why,69,2025-10-20 18:19:42.691662+00:00,206.32749938964844,-0.1802116904176944,0.1802116904176944,-1,2821.51820555,0,18,0,1,0.0,0.0,0.0,neutral,neutral
85,micron mu stock trades up here is why,69,2025-10-20 18:19:42.691662+00:00,203.759994506836,-1.4223524358069677,1.4223524358069677,-1,2821.51820555,0,18,0,1,0.0,0.0,0.0,neutral,neutral
85,micron mu stock trades up here is why,69,2025-10-20 18:19:42.691662+00:00,193.009994506836,-6.623126581290776,6.623126581290776,-1,2821.51820555,0,18,0,1,0.0,0.0,0.0,neutral,neutral
85,micron mu stock trades up here is why,69,2025-10-20 18:19:42.691662+00:00,206.7700042724609,0.0338690494689653,0.0338690494689653,1,2821.51820555,0,18,0,1,0.0,0.0,0.0,neutral,neutral
86,why duolingo duol stock is trading lower today,70,2025-10-20 18:19:42.701515+00:00,318.17999267578125,0.7217470159382136,0.7217470159382136,1,2821.52568475,0,18,0,1,0.0,-0.296,-0.148,negative,disagree
86,why duolingo duol stock is trading lower today,70,2025-10-20 18:19:42.701515+00:00,312.5849914550781,-1.0493835091660453,1.0493835091660453,-1,2821.52568475,0,18,0,1,0.0,-0.296,-0.148,negative,agree
86,why duolingo duol stock is trading lower today,70,2025-10-20 18:19:42.701515+00:00,304.5660095214844,-3.587839377646197,3.587839377646197,-1,2821.52568475,0,18,0,1,0.0,-0.296,-0.148,negative,agree
86,why duolingo duol stock is trading lower today,70,2025-10-20 18:19:42.701515+00:00,313.010009765625,-0.9148414646080616,0.9148414646080616,-1,2821.52568475,0,18,0,1,0.0,-0.296,-0.148,negative,agree
87,why lululemon lulu stock is trading up today,71,2025-10-20 18:19:42.711810+00:00,172.60000610351562,-0.5874836092371836,0.5874836092371836,-1,2821.532198783333,0,18,0,1,0.0,0.0,0.0,neutral,neutral
87,why lululemon lulu stock is trading up today,71,2025-10-20 18:19:42.711810+00:00,174.06500244140625,0.2563111028302848,0.2563111028302848,1,2821.532198783333,0,18,0,1,0.0,0.0,0.0,neutral,neutral
87,why lululemon lulu stock is trading up today,71,2025-10-20 18:19:42.711810+00:00,178.58999633789062,2.8625742198348445,2.8625742198348445,1,2821.532198783333,0,18,0,1,0.0,0.0,0.0,neutral,neutral
87,why lululemon lulu stock is trading up today,71,2025-10-20 18:19:42.711810+00:00,172.4199981689453,-0.6911628740873026,0.6911628740873026,-1,2821.532198783333,0,18,0,1,0.0,0.0,0.0,neutral,neutral
88,why quidelortho qdel stock is up today,72,2025-10-20 18:19:42.722239+00:00,29.030000686645508,-0.7521344046307425,0.7521344046307425,-1,2821.5387426666666,0,18,0,1,0.0,0.0,0.0,neutral,neutral
88,why quidelortho qdel stock is up today,72,2025-10-20 18:19:42.722239+00:00,28.80270004272461,-1.5292306231637287,1.5292306231637287,-1,2821.5387426666666,0,18,0,1,0.0,0.0,0.0,neutral,neutral
88,why quidelortho qdel stock is up today,72,2025-10-20 18:19:42.722239+00:00,29.59000015258789,1.1623936840611646,1.1623936840611646,1,2821.5387426666666,0,18,0,1,0.0,0.0,0.0,neutral,neutral
88,why quidelortho qdel stock is up today,72,2025-10-20 18:19:42.722239+00:00,29.020000457763672,-0.78632322132078,0.78632322132078,-1,2821.5387426666666,0,18,0,1,0.0,0.0,0.0,neutral,neutral
89,why ebay ebay stock is up today,73,2025-10-20 18:19:42.731346+00:00,95.58999633789062,0.1676580029374328,0.1676580029374328,1,2821.54474815,0,18,0,1,0.0,0.0,0.0,neutral,neutral
89,why ebay ebay stock is up today,73,2025-10-20 18:19:42.731346+00:00,95.54499816894533,0.1205049391195424,0.1205049391195424,1,2821.54474815,0,18,0,1,0.0,0.0,0.0,neutral,neutral
89,why ebay ebay stock is up today,73,2025-10-20 18:19:42.731346+00:00,94.55500030517578,-0.9169024386480518,0.9169024386480518,-1,2821.54474815,0,18,0,1,0.0,0.0,0.0,neutral,neutral
89,why ebay ebay stock is up today,73,2025-10-20 18:19:42.731346+00:00,95.66000366210938,0.2410178729938861,0.2410178729938861,1,2821.54474815,0,18,0,1,0.0,0.0,0.0,neutral,neutral
90,why netflix nflx stock is up today,20,2025-10-20 18:19:42.738469+00:00,1239.3499755859375,-0.4762024260748643,0.4762024260748643,-1,2821.5501230666664,0,18,0,1,0.0,0.0,0.0,neutral,neutral
90,why netflix nflx stock is up today,20,2025-10-20 18:19:42.738469+00:00,1238.68994140625,-0.5292052980521958,0.5292052980521958,-1,2821.5501230666664,0,18,0,1,0.0,0.0,0.0,neutral,neutral
90,why netflix nflx stock is up today,20,2025-10-20 18:19:42.738469+00:00,1114.989990234375,-10.46271007301594,10.46271007301594,-1,2821.5501230666664,0,18,0,1,0.0,0.0,0.0,neutral,neutral
90,why netflix nflx stock is up today,20,2025-10-20 18:19:42.738469+00:00,1238.97998046875,-0.5059142265119445,0.5059142265119445,-1,2821.5501230666664,0,18,0,1,0.0,0.0,0.0,neutral,neutral
91,why state street stt stock is trading up today,74,2025-10-20 18:19:42.742909+00:00,115.5749969482422,0.2254645981281106,0.2254645981281106,1,2821.5560924666665,0,18,0,1,0.0,0.0,0.0,neutral,neutral
91,why state street stt stock is trading up today,74,2025-10-20 18:19:42.742909+00:00,114.72000122070312,-0.515979021034541,0.515979021034541,-1,2821.5560924666665,0,18,0,1,0.0,0.0,0.0,neutral,neutral
91,why state street stt stock is trading up today,74,2025-10-20 18:19:42.742909+00:00,113.53500366210938,-1.543596879513857,1.543596879513857,-1,2821.5560924666665,0,18,0,1,0.0,0.0,0.0,neutral,neutral
91,why state street stt stock is trading up today,74,2025-10-20 18:19:42.742909+00:00,115.27999877929688,-0.0303548205942769,0.0303548205942769,-1,2821.5560924666665,0,18,0,1,0.0,0.0,0.0,neutral,neutral
92,apple aapl stock trades up here is why,59,2025-10-20 18:19:42.752389+00:00,263.3699951171875,-0.0891545529659199,0.0891545529659199,-1,2821.5640353833337,0,18,0,1,0.0,0.0,0.0,neutral,neutral
92,apple aapl stock trades up here is why,59,2025-10-20 18:19:42.752389+00:00,262.2799987792969,-0.5026506142935089,0.5026506142935089,-1,2821.5640353833337,0,18,0,1,0.0,0.0,0.0,neutral,neutral
92,apple aapl stock trades up here is why,59,2025-10-20 18:19:42.752389+00:00,256.9750061035156,-2.515128547065581,2.515128547065581,-1,2821.5640353833337,0,18,0,1,0.0,0.0,0.0,neutral,neutral
92,apple aapl stock trades up here is why,59,2025-10-20 18:19:42.752389+00:00,262.2300109863281,-0.5216137564514335,0.5216137564514335,-1,2821.5640353833337,0,18,0,1,0.0,0.0,0.0,neutral,neutral
93,ftai aviation ftai stock is up what you need to know,75,2025-10-20 18:19:42.758684+00:00,175.38999938964844,0.6643428940453743,0.6643428940453743,1,2821.56911545,0,18,0,1,1.0,0.0,0.5,positive,agree
93,ftai aviation ftai stock is up what you need to know,75,2025-10-20 18:19:42.758684+00:00,176.9499969482422,1.5596968463723917,1.5596968463723917,1,2821.56911545,0,18,0,1,1.0,0.0,0.5,positive,agree
93,ftai aviation ftai stock is up what you need to know,75,2025-10-20 18:19:42.758684+00:00,170.55999755859375,-2.1078160784852584,2.1078160784852584,-1,2821.56911545,0,18,0,1,1.0,0.0,0.5,positive,disagree
93,ftai aviation ftai stock is up what you need to know,75,2025-10-20 18:19:42.758684+00:00,176.9199981689453,1.54247917480587,1.54247917480587,1,2821.56911545,0,18,0,1,1.0,0.0,0.5,positive,agree
94,why vse corporation vsec stock is trading up today,76,2025-10-20 18:19:42.767108+00:00,165.92999267578125,0.012048106341185,0.012048106341185,1,2821.5777478166665,0,18,0,1,0.0,0.0,0.0,neutral,neutral
94,why vse corporation vsec stock is trading up today,76,2025-10-20 18:19:42.767108+00:00,166.1999969482422,0.1747895122245973,0.1747895122245973,1,2821.5777478166665,0,18,0,1,0.0,0.0,0.0,neutral,neutral
94,why vse corporation vsec stock is trading up today,76,2025-10-20 18:19:42.767108+00:00,167.25,0.8076645821909858,0.8076645821909858,1,2821.5777478166665,0,18,0,1,0.0,0.0,0.0,neutral,neutral
94,why vse corporation vsec stock is trading up today,76,2025-10-20 18:19:42.767108+00:00,166.41000366210938,0.3013682050289715,0.3013682050289715,1,2821.5777478166665,0,18,0,1,0.0,0.0,0.0,neutral,neutral
95,penn entertainment penn stock trades up here is why,77,2025-10-20 18:19:42.774320+00:00,16.924999237060547,0.4153052312390105,0.4153052312390105,1,2821.5841365666665,0,18,0,1,1.0,0.4215,0.71075,positive,agree
95,penn entertainment penn stock trades up here is why,77,2025-10-20 18:19:42.774320+00:00,16.9950008392334,0.8306217786968559,0.8306217786968559,1,2821.5841365666665,0,18,0,1,1.0,0.4215,0.71075,positive,agree
95,penn entertainment penn stock trades up here is why,77,2025-10-20 18:19:42.774320+00:00,17.650100708007812,4.717301615933417,4.717301615933417,1,2821.5841365666665,0,18,0,1,1.0,0.4215,0.71075,positive,agree
95,penn entertainment penn stock trades up here is why,77,2025-10-20 18:19:42.774320+00:00,17.020000457763672,0.9789434589652404,0.9789434589652404,1,2821.5841365666665,0,18,0,1,1.0,0.4215,0.71075,positive,agree
96,why caesars entertainment czr stock is up today,78,2025-10-20 18:19:42.782591+00:00,22.325000762939453,-0.1565288303073936,0.1565288303073936,-1,2821.59091095,0,18,0,1,1.0,0.4215,0.71075,positive,disagree
96,why caesars entertainment czr stock is up today,78,2025-10-20 18:19:42.782591+00:00,22.065000534057617,-1.3193205198633806,1.3193205198633806,-1,2821.59091095,0,18,0,1,1.0,0.4215,0.71075,positive,disagree
96,why caesars entertainment czr stock is up today,78,2025-10-20 18:19:42.782591+00:00,22.94499969482422,2.6162749038648547,2.6162749038648547,1,2821.59091095,0,18,0,1,1.0,0.4215,0.71075,positive,agree
96,why caesars entertainment czr stock is up today,78,2025-10-20 18:19:42.782591+00:00,22.18000030517578,-0.8050102873988748,0.8050102873988748,-1,2821.59091095,0,18,0,1,1.0,0.4215,0.71075,positive,disagree
97,why iqvia iqv stock is trading up today,79,2025-10-20 18:19:42.792222+00:00,211.59500122070312,0.0307296562101677,0.0307296562101677,1,2821.5976664166665,0,18,0,1,0.0,0.0,0.0,neutral,neutral
97,why iqvia iqv stock is trading up today,79,2025-10-20 18:19:42.792222+00:00,214.4600067138672,1.3851500739747944,1.3851500739747944,1,2821.5976664166665,0,18,0,1,0.0,0.0,0.0,neutral,neutral
97,why iqvia iqv stock is trading up today,79,2025-10-20 18:19:42.792222+00:00,217.6199951171875,2.879022537245281,2.879022537245281,1,2821.5976664166665,0,18,0,1,0.0,0.0,0.0,neutral,neutral
97,why iqvia iqv stock is trading up today,79,2025-10-20 18:19:42.792222+00:00,212.02999877929688,0.2363730926513561,0.2363730926513561,1,2821.5976664166665,0,18,0,1,0.0,0.0,0.0,neutral,neutral
98,century communities announces october grand opening in west san antonio,80,2025-10-20 18:19:42.800516+00:00,60.220001220703125,-0.2775383100465836,0.2775383100465836,-1,2821.605774633333,0,18,0,1,0.0,0.4588,0.2294,positive,disagree
98,century communities announces october grand opening in west san antonio,80,2025-10-20 18:19:42.800516+00:00,59.05500030517578,-2.206743836656497,2.206743836656497,-1,2821.605774633333,0,18,0,1,0.0,0.4588,0.2294,positive,disagree
98,century communities announces october grand opening in west san antonio,80,2025-10-20 18:19:42.800516+00:00,60.70000076293945,0.517326103629337,0.517326103629337,1,2821.605774633333,0,18,0,1,0.0,0.4588,0.2294,positive,agree
98,century communities announces october grand opening in west san antonio,80,2025-10-20 18:19:42.800516+00:00,59.900001525878906,-0.8074479191638639,0.8074479191638639,-1,2821.605774633333,0,18,0,1,0.0,0.4588,0.2294,positive,disagree
99,northeast bank announces dates for fiscal 2026 first quarter earnings results and conference call,81,2025-10-20 18:19:42.807689+00:00,94.33999633789062,-0.4852391340283379,0.4852391340283379,-1,2821.6113011333337,0,18,0,1,0.0,0.0,0.0,neutral,neutral
99,northeast bank announces dates for fiscal 2026 first quarter earnings results and conference call,81,2025-10-20 18:19:42.807689+00:00,93.66999816894533,-1.1919882346370316,1.1919882346370316,-1,2821.6113011333337,0,18,0,1,0.0,0.0,0.0,neutral,neutral
99,northeast bank announces dates for fiscal 2026 first quarter earnings results and conference call,81,2025-10-20 18:19:42.807689+00:00,94.6999969482422,-0.1054916669791928,0.1054916669791928,-1,2821.6113011333337,0,18,0,1,0.0,0.0,0.0,neutral,neutral
99,northeast bank announces dates for fiscal 2026 first quarter earnings results and conference call,81,2025-10-20 18:19:42.807689+00:00,94.16999816894533,-0.6645620912781376,0.6645620912781376,-1,2821.6113011333337,0,18,0,1,0.0,0.0,0.0,neutral,neutral
100,3 oversold largecaps that look ripe for a rebound,82,2025-10-20 18:19:42.816814+00:00,193.5599975585937,0.2901541754371762,0.2901541754371762,1,2821.6188228166666,0,18,0,1,1.0,0.0,0.5,positive,agree
100,3 oversold largecaps that look ripe for a rebound,82,2025-10-20 18:19:42.816814+00:00,192.0050048828125,-0.5155415114961139,0.5155415114961139,-1,2821.6188228166666,0,18,0,1,1.0,0.0,0.5,positive,disagree
100,3 oversold largecaps that look ripe for a rebound,82,2025-10-20 18:19:42.816814+00:00,195.1374969482422,1.107511372146211,1.107511372146211,1,2821.6188228166666,0,18,0,1,1.0,0.0,0.5,positive,agree
100,3 oversold largecaps that look ripe for a rebound,82,2025-10-20 18:19:42.816814+00:00,192.4600067138672,-0.2797892674263277,0.2797892674263277,-1,2821.6188228166666,0,18,0,1,1.0,0.0,0.5,positive,disagree
101,royal caribbean groups galveston terminal secures two additional industryfirst leed certifications,47,2025-10-20 18:19:42.825143+00:00,303.8099975585937,-0.4228149849607657,0.4228149849607657,-1,2821.626239383333,0,18,0,1,0.0,0.3182,0.1591,positive,disagree
101,royal caribbean groups galveston terminal secures two additional industryfirst leed certifications,47,2025-10-20 18:19:42.825143+00:00,305.8900146484375,0.2589342933850475,0.2589342933850475,1,2821.626239383333,0,18,0,1,0.0,0.3182,0.1591,positive,agree
101,royal caribbean groups galveston terminal secures two additional industryfirst leed certifications,47,2025-10-20 18:19:42.825143+00:00,318.20001220703125,4.2936761197805415,4.2936761197805415,1,2821.626239383333,0,18,0,1,0.0,0.3182,0.1591,positive,agree
101,royal caribbean groups galveston terminal secures two additional industryfirst leed certifications,47,2025-10-20 18:19:42.825143+00:00,302.8500061035156,-0.7374631120907321,0.7374631120907321,-1,2821.626239383333,0,18,0,1,0.0,0.3182,0.1591,positive,disagree
102,fm bank welcomes mike benson as senior vice president senior small business banking manager,83,2025-10-20 18:19:42.831004+00:00,24.233800888061523,0.2059248791403933,0.2059248791403933,1,2821.63297495,0,18,0,1,0.0,0.4019,0.20095,positive,agree
102,fm bank welcomes mike benson as senior vice president senior small business banking manager,83,2025-10-20 18:19:42.831004+00:00,24.739999771118164,2.299039677094647,2.299039677094647,1,2821.63297495,0,18,0,1,0.0,0.4019,0.20095,positive,agree
102,fm bank welcomes mike benson as senior vice president senior small business banking manager,83,2025-10-20 18:19:42.831004+00:00,24.38999938964844,0.8518002574415897,0.8518002574415897,1,2821.63297495,0,18,0,1,0.0,0.4019,0.20095,positive,agree
102,fm bank welcomes mike benson as senior vice president senior small business banking manager,83,2025-10-20 18:19:42.831004+00:00,24.63999938964844,1.885541573362296,1.885541573362296,1,2821.63297495,0,18,0,1,0.0,0.4019,0.20095,positive,agree
103,asml just shared fantastic news for nvidia broadcom and amd investors,54,2025-10-20 17:19:42.841275+00:00,241.09500122070312,-0.550670913422624,0.550670913422624,-1,2881.63943375,0,17,0,1,0.0,0.7184,0.3592,positive,disagree
103,asml just shared fantastic news for nvidia broadcom and amd investors,54,2025-10-20 17:19:42.841275+00:00,240.13999938964844,-0.9445998248225757,0.9445998248225757,-1,2881.63943375,0,17,0,1,0.0,0.7184,0.3592,positive,disagree
103,asml just shared fantastic news for nvidia broadcom and amd investors,54,2025-10-20 17:19:42.841275+00:00,226.55499267578125,-6.548282176137652,6.548282176137652,-1,2881.63943375,0,17,0,1,0.0,0.7184,0.3592,positive,disagree
103,asml just shared fantastic news for nvidia broadcom and amd investors,54,2025-10-20 17:19:42.841275+00:00,240.52999877929688,-0.7837288924169424,0.7837288924169424,-1,2881.63943375,0,17,0,1,0.0,0.7184,0.3592,positive,disagree
104,prediction after gaining 2 in 10 years this dow jones value stock will crush the sp 500 over the next decade,84,2025-10-20 17:19:42.847374+00:00,111.8499984741211,0.0357757950100851,0.0357757950100851,1,2881.64590125,0,17,0,1,1.0,0.5574,0.7787,positive,agree
104,prediction after gaining 2 in 10 years this dow jones value stock will crush the sp 500 over the next decade,84,2025-10-20 17:19:42.847374+00:00,112.23999786376952,0.3845812669394261,0.3845812669394261,1,2881.64590125,0,17,0,1,1.0,0.5574,0.7787,positive,agree
104,prediction after gaining 2 in 10 years this dow jones value stock will crush the sp 500 over the next decade,84,2025-10-20 17:19:42.847374+00:00,113.4749984741211,1.4891342025607364,1.4891342025607364,1,2881.64590125,0,17,0,1,1.0,0.5574,0.7787,positive,agree
104,prediction after gaining 2 in 10 years this dow jones value stock will crush the sp 500 over the next decade,84,2025-10-20 17:19:42.847374+00:00,111.98999786376952,0.1609876657777874,0.1609876657777874,1,2881.64590125,0,17,0,1,1.0,0.5574,0.7787,positive,agree
105,evercore isis amit daryanani its almost a perfect storm for apple stock right now,59,2025-10-20 17:19:42.856028+00:00,263.6050109863281,0.0702291204781604,0.0702291204781604,1,2881.6531377166666,0,17,0,1,0.0,0.5279,0.26395,positive,agree
105,evercore isis amit daryanani its almost a perfect storm for apple stock right now,59,2025-10-20 17:19:42.856028+00:00,262.2799987792969,-0.4327745009208449,0.4327745009208449,-1,2881.6531377166666,0,17,0,1,0.0,0.5279,0.26395,positive,disagree
105,evercore isis amit daryanani its almost a perfect storm for apple stock right now,59,2025-10-20 17:19:42.856028+00:00,256.9549865722656,-2.454265631279508,2.454265631279508,-1,2881.6531377166666,0,17,0,1,0.0,0.5279,0.26395,positive,disagree
105,evercore isis amit daryanani its almost a perfect storm for apple stock right now,59,2025-10-20 17:19:42.856028+00:00,262.2300109863281,-0.4517509607267219,0.4517509607267219,-1,2881.6531377166666,0,17,0,1,0.0,0.5279,0.26395,positive,disagree
106,jp morgan releases 2026 longterm capital market assumptions highlighting resilient 6040 portfolios and opportunities to enhance diversification in a new era of economic nationalism and ai advancement,85,2025-10-20 17:19:42.861159+00:00,303.57501220703125,0.4184494917976752,0.4184494917976752,1,2881.6602998166663,0,17,0,1,1.0,0.5267,0.76335,positive,agree
106,jp morgan releases 2026 longterm capital market assumptions highlighting resilient 6040 portfolios and opportunities to enhance diversification in a new era of economic nationalism and ai advancement,85,2025-10-20 17:19:42.861159+00:00,302.9200134277344,0.2017848811044999,0.2017848811044999,1,2881.6602998166663,0,17,0,1,1.0,0.5267,0.76335,positive,agree
106,jp morgan releases 2026 longterm capital market assumptions highlighting resilient 6040 portfolios and opportunities to enhance diversification in a new era of economic nationalism and ai advancement,85,2025-10-20 17:19:42.861159+00:00,292.2428894042969,-3.330061273393933,3.330061273393933,-1,2881.6602998166663,0,17,0,1,1.0,0.5267,0.76335,positive,disagree
106,jp morgan releases 2026 longterm capital market assumptions highlighting resilient 6040 portfolios and opportunities to enhance diversification in a new era of economic nationalism and ai advancement,85,2025-10-20 17:19:42.861159+00:00,302.3800048828125,0.023157462467043,0.023157462467043,1,2881.6602998166663,0,17,0,1,1.0,0.5267,0.76335,positive,agree
107,1 big new reason to buy the dip in bitcoin ethereum and solana,38,2025-10-20 17:19:42.871152+00:00,48.84999847412109,-0.214691700940819,0.214691700940819,-1,2881.6682371166667,0,17,0,1,0.0,0.0,0.0,neutral,neutral
107,1 big new reason to buy the dip in bitcoin ethereum and solana,38,2025-10-20 17:19:42.871152+00:00,48.11000061035156,-1.7262764969159108,1.7262764969159108,-1,2881.6682371166667,0,17,0,1,0.0,0.0,0.0,neutral,neutral
107,1 big new reason to buy the dip in bitcoin ethereum and solana,38,2025-10-20 17:19:42.871152+00:00,47.845001220703125,-2.2675875843490125,2.2675875843490125,-1,2881.6682371166667,0,17,0,1,0.0,0.0,0.0,neutral,neutral
107,1 big new reason to buy the dip in bitcoin ethereum and solana,38,2025-10-20 17:19:42.871152+00:00,49.08000183105469,0.2551334085440003,0.2551334085440003,1,2881.6682371166667,0,17,0,1,0.0,0.0,0.0,neutral,neutral
108,team no 129 takes the crown again jeep brand and veteran duo win fourth rebelle rally in five years,86,2025-10-20 17:19:42.875004+00:00,10.675000190734863,0.470590030445772,0.470590030445772,1,2881.6731147833334,0,17,0,1,1.0,0.3818,0.6909,positive,agree
108,team no 129 takes the crown again jeep brand and veteran duo win fourth rebelle rally in five years,86,2025-10-20 17:19:42.875004+00:00,10.880000114440918,2.4000010770909923,2.4000010770909923,1,2881.6731147833334,0,17,0,1,1.0,0.3818,0.6909,positive,agree
108,team no 129 takes the crown again jeep brand and veteran duo win fourth rebelle rally in five years,86,2025-10-20 17:19:42.875004+00:00,10.765000343322754,1.3176502900965072,1.3176502900965072,1,2881.6731147833334,0,17,0,1,1.0,0.3818,0.6909,positive,agree
108,team no 129 takes the crown again jeep brand and veteran duo win fourth rebelle rally in five years,86,2025-10-20 17:19:42.875004+00:00,10.6899995803833,0.6117607565487132,0.6117607565487132,1,2881.6731147833334,0,17,0,1,1.0,0.3818,0.6909,positive,agree
109,ch robinson unveils the agentic supply chain enabling companies in every industry to instantly deploy ai,87,2025-10-20 17:19:42.885417+00:00,127.5500030517578,-0.2619533791114895,0.2619533791114895,-1,2881.6801796333334,0,17,0,1,0.0,0.0,0.0,neutral,neutral
109,ch robinson unveils the agentic supply chain enabling companies in every industry to instantly deploy ai,87,2025-10-20 17:19:42.885417+00:00,127.36000061035156,-0.4105262674348978,0.4105262674348978,-1,2881.6801796333334,0,17,0,1,0.0,0.0,0.0,neutral,neutral
109,ch robinson unveils the agentic supply chain enabling companies in every industry to instantly deploy ai,87,2025-10-20 17:19:42.885417+00:00,127.6999969482422,-0.14466527340806,0.14466527340806,-1,2881.6801796333334,0,17,0,1,0.0,0.0,0.0,neutral,neutral
109,ch robinson unveils the agentic supply chain enabling companies in every industry to instantly deploy ai,87,2025-10-20 17:19:42.885417+00:00,127.44000244140624,-0.3479686338435366,0.3479686338435366,-1,2881.6801796333334,0,17,0,1,0.0,0.0,0.0,neutral,neutral
112,ralph lauren rl is an incredible growth stock 3 reasons why,90,2025-10-20 17:19:42.910910+00:00,330.1600036621094,0.2794355045021864,0.2794355045021864,1,2881.6863124666665,0,17,0,1,1.0,0.3818,0.6909,positive,agree
112,ralph lauren rl is an incredible growth stock 3 reasons why,90,2025-10-20 17:19:42.910910+00:00,334.2799987792969,1.5308008426722588,1.5308008426722588,1,2881.6863124666665,0,17,0,1,1.0,0.3818,0.6909,positive,agree
112,ralph lauren rl is an incredible growth stock 3 reasons why,90,2025-10-20 17:19:42.910910+00:00,331.3800048828125,0.6499862446582186,0.6499862446582186,1,2881.6863124666665,0,17,0,1,1.0,0.3818,0.6909,positive,agree
112,ralph lauren rl is an incredible growth stock 3 reasons why,90,2025-10-20 17:19:42.910910+00:00,333.0,1.1420270553854572,1.1420270553854572,1,2881.6863124666665,0,17,0,1,1.0,0.3818,0.6909,positive,agree
113,commercial metals cmc is an incredible growth stock 3 reasons why,91,2025-10-20 17:19:42.921910+00:00,58.59000015258789,-0.2264860806390487,0.2264860806390487,-1,2881.694100066667,0,17,0,1,1.0,0.3818,0.6909,positive,disagree
113,commercial metals cmc is an incredible growth stock 3 reasons why,91,2025-10-20 17:19:42.921910+00:00,58.25,-0.8054758377386549,0.8054758377386549,-1,2881.694100066667,0,17,0,1,1.0,0.3818,0.6909,positive,disagree
113,commercial metals cmc is an incredible growth stock 3 reasons why,91,2025-10-20 17:19:42.921910+00:00,59.90999984741211,2.021354977256549,2.021354977256549,1,2881.694100066667,0,17,0,1,1.0,0.3818,0.6909,positive,agree
113,commercial metals cmc is an incredible growth stock 3 reasons why,91,2025-10-20 17:19:42.921910+00:00,58.59999847412109,-0.2094598360569478,0.2094598360569478,-1,2881.694100066667,0,17,0,1,1.0,0.3818,0.6909,positive,disagree
114,where will xrp be in 3 years,38,2025-10-20 17:19:42.928107+00:00,48.84999847412109,-0.214691700940819,0.214691700940819,-1,2881.7031550333336,0,17,0,1,0.0,0.0,0.0,neutral,neutral
114,where will xrp be in 3 years,38,2025-10-20 17:19:42.928107+00:00,48.11000061035156,-1.7262764969159108,1.7262764969159108,-1,2881.7031550333336,0,17,0,1,0.0,0.0,0.0,neutral,neutral
114,where will xrp be in 3 years,38,2025-10-20 17:19:42.928107+00:00,47.845001220703125,-2.2675875843490125,2.2675875843490125,-1,2881.7031550333336,0,17,0,1,0.0,0.0,0.0,neutral,neutral
114,where will xrp be in 3 years,38,2025-10-20 17:19:42.928107+00:00,49.08000183105469,0.2551334085440003,0.2551334085440003,1,2881.7031550333336,0,17,0,1,0.0,0.0,0.0,neutral,neutral
115,baxter international inc sued for securities law violations  contact the djs law group to discuss your rights bax,92,2025-10-20 17:19:42.935359+00:00,23.18000030517578,-0.0431230213520231,0.0431230213520231,-1,2881.7093173666667,0,17,0,1,0.0,-0.296,-0.148,negative,agree
115,baxter international inc sued for securities law violations  contact the djs law group to discuss your rights bax,92,2025-10-20 17:19:42.935359+00:00,23.084999084472656,-0.4527876117585779,0.4527876117585779,-1,2881.7093173666667,0,17,0,1,0.0,-0.296,-0.148,negative,agree
115,baxter international inc sued for securities law violations  contact the djs law group to discuss your rights bax,92,2025-10-20 17:19:42.935359+00:00,23.280000686645508,0.3880989672928785,0.3880989672928785,1,2881.7093173666667,0,17,0,1,0.0,-0.296,-0.148,negative,disagree
115,baxter international inc sued for securities law violations  contact the djs law group to discuss your rights bax,92,2025-10-20 17:19:42.935359+00:00,23.1200008392334,-0.3018529245888323,0.3018529245888323,-1,2881.7093173666667,0,17,0,1,0.0,-0.296,-0.148,negative,agree
116,bitcoin rises 25 retakes 111000 leading crypto stocks higher as markets stabilize after october selloff,49,2025-10-20 17:19:42.943058+00:00,346.0199890136719,-1.0410154465235877,1.0410154465235877,-1,2881.7169597833336,0,17,0,1,0.0,0.0,0.0,neutral,neutral
116,bitcoin rises 25 retakes 111000 leading crypto stocks higher as markets stabilize after october selloff,49,2025-10-20 17:19:42.943058+00:00,343.1400146484375,-1.864665373616024,1.864665373616024,-1,2881.7169597833336,0,17,0,1,0.0,0.0,0.0,neutral,neutral
116,bitcoin rises 25 retakes 111000 leading crypto stocks higher as markets stabilize after october selloff,49,2025-10-20 17:19:42.943058+00:00,313.7650146484375,-10.265683417528834,10.265683417528834,-1,2881.7169597833336,0,17,0,1,0.0,0.0,0.0,neutral,neutral
116,bitcoin rises 25 retakes 111000 leading crypto stocks higher as markets stabilize after october selloff,49,2025-10-20 17:19:42.943058+00:00,343.7900085449219,-1.6787722518186308,1.6787722518186308,-1,2881.7169597833336,0,17,0,1,0.0,0.0,0.0,neutral,neutral
117,why lamb weston lw might be well poised for a surge,93,2025-10-20 17:19:42.949071+00:00,65.78949737548828,-0.6426021081856615,0.6426021081856615,-1,2881.723560133333,0,17,0,1,1.0,0.4767,0.7383500000000001,positive,disagree
117,why lamb weston lw might be well poised for a surge,93,2025-10-20 17:19:42.949071+00:00,65.7300033569336,-0.7324518731106546,0.7324518731106546,-1,2881.723560133333,0,17,0,1,1.0,0.4767,0.7383500000000001,positive,disagree
117,why lamb weston lw might be well poised for a surge,93,2025-10-20 17:19:42.949071+00:00,64.61000061035156,-2.423915753689509,2.423915753689509,-1,2881.723560133333,0,17,0,1,1.0,0.4767,0.7383500000000001,positive,disagree
117,why lamb weston lw might be well poised for a surge,93,2025-10-20 17:19:42.949071+00:00,65.6500015258789,-0.8532731907566506,0.8532731907566506,-1,2881.723560133333,0,17,0,1,1.0,0.4767,0.7383500000000001,positive,disagree
118,why alnylam alny might be well poised for a surge,94,2025-10-20 17:19:42.957681+00:00,491.1449890136719,-0.0142518703094712,0.0142518703094712,-1,2881.7297191833336,0,17,0,1,1.0,0.4767,0.7383500000000001,positive,disagree
118,why alnylam alny might be well poised for a surge,94,2025-10-20 17:19:42.957681+00:00,489.9800109863281,-0.2514144235761471,0.2514144235761471,-1,2881.7297191833336,0,17,0,1,1.0,0.4767,0.7383500000000001,positive,disagree
118,why alnylam alny might be well poised for a surge,94,2025-10-20 17:19:42.957681+00:00,462.1799926757813,-5.910854489087535,5.910854489087535,-1,2881.7297191833336,0,17,0,1,1.0,0.4767,0.7383500000000001,positive,disagree
118,why alnylam alny might be well poised for a surge,94,2025-10-20 17:19:42.957681+00:00,491.5400085449219,0.0661649602423141,0.0661649602423141,1,2881.7297191833336,0,17,0,1,1.0,0.4767,0.7383500000000001,positive,agree
119,3 key takeaways from the q3 earnings season so far,20,2025-10-20 17:19:42.965961+00:00,1245.280029296875,0.4387714242590336,0.4387714242590336,1,2881.7373544,0,17,0,1,0.0,0.0,0.0,neutral,neutral
119,3 key takeaways from the q3 earnings season so far,20,2025-10-20 17:19:42.965961+00:00,1238.68994140625,-0.0927558754166802,0.0927558754166802,-1,2881.7373544,0,17,0,1,0.0,0.0,0.0,neutral,neutral
119,3 key takeaways from the q3 earnings season so far,20,2025-10-20 17:19:42.965961+00:00,1114.7001953125,-10.09321960556551,10.09321960556551,-1,2881.7373544,0,17,0,1,0.0,0.0,0.0,neutral,neutral
119,3 key takeaways from the q3 earnings season so far,20,2025-10-20 17:19:42.965961+00:00,1238.97998046875,-0.0693626093101063,0.0693626093101063,-1,2881.7373544,0,17,0,1,0.0,0.0,0.0,neutral,neutral
120,ge healthcare collaborates with two major medical systems to advance ai technology designed to transform hospital operations and improve patient care,95,2025-10-20 17:19:42.972974+00:00,75.52999877929688,-0.1901554120492656,0.1901554120492656,-1,2881.7430783,0,17,0,1,1.0,0.7269,0.86345,positive,disagree
120,ge healthcare collaborates with two major medical systems to advance ai technology designed to transform hospital operations and improve patient care,95,2025-10-20 17:19:42.972974+00:00,75.41999816894531,-0.3355167784098144,0.3355167784098144,-1,2881.7430783,0,17,0,1,1.0,0.7269,0.86345,positive,disagree
120,ge healthcare collaborates with two major medical systems to advance ai technology designed to transform hospital operations and improve patient care,95,2025-10-20 17:19:42.972974+00:00,76.2699966430664,0.7877218946096824,0.7877218946096824,1,2881.7430783,0,17,0,1,1.0,0.7269,0.86345,positive,agree
120,ge healthcare collaborates with two major medical systems to advance ai technology designed to transform hospital operations and improve patient care,95,2025-10-20 17:19:42.972974+00:00,75.48999786376953,-0.2430150072655478,0.2430150072655478,-1,2881.7430783,0,17,0,1,1.0,0.7269,0.86345,positive,disagree
121,american airlines to report q3 earnings whats in the cards,96,2025-10-20 16:19:42.982511+00:00,12.149999618530272,0.3717478562219904,0.3717478562219904,1,2941.7496584833334,0,16,0,1,1.0,0.0,0.5,positive,agree
121,american airlines to report q3 earnings whats in the cards,96,2025-10-20 16:19:42.982511+00:00,12.109999656677246,0.0413061927302991,0.0413061927302991,1,2941.7496584833334,0,16,0,1,1.0,0.0,0.5,positive,agree
121,american airlines to report q3 earnings whats in the cards,96,2025-10-20 16:19:42.982511+00:00,12.043299674987791,-0.5097056553637545,0.5097056553637545,-1,2941.7496584833334,0,16,0,1,1.0,0.0,0.5,positive,disagree
121,american airlines to report q3 earnings whats in the cards,96,2025-10-20 16:19:42.982511+00:00,12.18000030517578,0.6195850126037855,0.6195850126037855,1,2941.7496584833334,0,16,0,1,1.0,0.0,0.5,positive,agree
122,union pacific to report q3 earnings whats in store for the stock,97,2025-10-20 16:19:42.991042+00:00,196.8300018310547,0.0457437914902121,0.0457437914902121,1,2941.75744935,0,16,0,1,0.0,0.0,0.0,neutral,neutral
122,union pacific to report q3 earnings whats in store for the stock,97,2025-10-20 16:19:42.991042+00:00,196.5800018310547,-0.0813274665253247,0.0813274665253247,-1,2941.75744935,0,16,0,1,0.0,0.0,0.0,neutral,neutral
122,union pacific to report q3 earnings whats in store for the stock,97,2025-10-20 16:19:42.991042+00:00,195.3300018310547,-0.7166837566030093,0.7166837566030093,-1,2941.75744935,0,16,0,1,0.0,0.0,0.0,neutral,neutral
122,union pacific to report q3 earnings whats in store for the stock,97,2025-10-20 16:19:42.991042+00:00,196.1199951171875,-0.3151419938321113,0.3151419938321113,-1,2941.75744935,0,16,0,1,0.0,0.0,0.0,neutral,neutral
123,will envista nvst beat estimates again in its next earnings report,98,2025-10-20 16:19:43.000687+00:00,20.20499992370605,0.2232146658459516,0.2232146658459516,1,2941.7658988333333,0,16,0,1,1.0,0.0,0.5,positive,agree
123,will envista nvst beat estimates again in its next earnings report,98,2025-10-20 16:19:43.000687+00:00,19.89999961853028,-1.289683684770521,1.289683684770521,-1,2941.7658988333333,0,16,0,1,1.0,0.0,0.5,positive,disagree
123,will envista nvst beat estimates again in its next earnings report,98,2025-10-20 16:19:43.000687+00:00,20.049999237060547,-0.5456379523022814,0.5456379523022814,-1,2941.7658988333333,0,16,0,1,1.0,0.0,0.5,positive,disagree
123,will envista nvst beat estimates again in its next earnings report,98,2025-10-20 16:19:43.000687+00:00,20.13500022888184,-0.1240060452355736,0.1240060452355736,-1,2941.7658988333333,0,16,0,1,1.0,0.0,0.5,positive,disagree
124,will otis worldwide otis beat estimates again in its next earnings report,99,2025-10-20 16:19:43.008682+00:00,91.62000274658205,0.2352212353334163,0.2352212353334163,1,2941.773480316667,0,16,0,1,1.0,0.0,0.5,positive,agree
124,will otis worldwide otis beat estimates again in its next earnings report,99,2025-10-20 16:19:43.008682+00:00,90.86499786376952,-0.5907783192812134,0.5907783192812134,-1,2941.773480316667,0,16,0,1,1.0,0.0,0.5,positive,disagree
124,will otis worldwide otis beat estimates again in its next earnings report,99,2025-10-20 16:19:43.008682+00:00,92.3000030517578,0.9791633766354308,0.9791633766354308,1,2941.773480316667,0,16,0,1,1.0,0.0,0.5,positive,agree
124,will otis worldwide otis beat estimates again in its next earnings report,99,2025-10-20 16:19:43.008682+00:00,91.5,0.1039343821146056,0.1039343821146056,1,2941.773480316667,0,16,0,1,1.0,0.0,0.5,positive,agree
125,will orrstown orrf beat estimates again in its next earnings report,100,2025-10-20 16:19:43.021227+00:00,32.93000030517578,0.2282780824362418,0.2282780824362418,1,2941.780322283333,0,16,0,1,1.0,0.0,0.5,positive,agree
125,will orrstown orrf beat estimates again in its next earnings report,100,2025-10-20 16:19:43.021227+00:00,33.310001373291016,1.3848785189291075,1.3848785189291075,1,2941.780322283333,0,16,0,1,1.0,0.0,0.5,positive,agree
125,will orrstown orrf beat estimates again in its next earnings report,100,2025-10-20 16:19:43.021227+00:00,34.970001220703125,6.437381549032997,6.437381549032997,1,2941.780322283333,0,16,0,1,1.0,0.0,0.5,positive,agree
125,will orrstown orrf beat estimates again in its next earnings report,100,2025-10-20 16:19:43.021227+00:00,33.29999923706055,1.3544352488946318,1.3544352488946318,1,2941.780322283333,0,16,0,1,1.0,0.0,0.5,positive,agree
126,will charles river crl beat estimates again in its next earnings report,101,2025-10-20 16:19:43.029158+00:00,183.94000244140625,0.612621743965509,0.612621743965509,1,2941.7861317166667,0,16,0,1,1.0,0.0,0.5,positive,agree
126,will charles river crl beat estimates again in its next earnings report,101,2025-10-20 16:19:43.029158+00:00,185.0,1.1924256582679065,1.1924256582679065,1,2941.7861317166667,0,16,0,1,1.0,0.0,0.5,positive,agree
126,will charles river crl beat estimates again in its next earnings report,101,2025-10-20 16:19:43.029158+00:00,187.7400054931641,2.691170534863853,2.691170534863853,1,2941.7861317166667,0,16,0,1,1.0,0.0,0.5,positive,agree
126,will charles river crl beat estimates again in its next earnings report,101,2025-10-20 16:19:43.029158+00:00,184.13999938964844,0.7220172916243089,0.7220172916243089,1,2941.7861317166667,0,16,0,1,1.0,0.0,0.5,positive,agree
127,will nasdaq ndaq beat estimates again in its next earnings report,102,2025-10-20 16:19:43.038507+00:00,89.62799835205078,0.41227448690699,0.41227448690699,1,2941.79312575,0,16,0,1,1.0,0.0,0.5,positive,agree
127,will nasdaq ndaq beat estimates again in its next earnings report,102,2025-10-20 16:19:43.038507+00:00,90.83999633789062,1.7701032532452063,1.7701032532452063,1,2941.79312575,0,16,0,1,1.0,0.0,0.5,positive,agree
127,will nasdaq ndaq beat estimates again in its next earnings report,102,2025-10-20 16:19:43.038507+00:00,88.15499877929688,-1.237960262702117,1.237960262702117,-1,2941.79312575,0,16,0,1,1.0,0.0,0.5,positive,disagree
127,will nasdaq ndaq beat estimates again in its next earnings report,102,2025-10-20 16:19:43.038507+00:00,88.9000015258789,-0.4033168291908867,0.4033168291908867,-1,2941.79312575,0,16,0,1,1.0,0.0,0.5,positive,disagree
128,why materion mtrn could beat earnings estimates again,103,2025-10-20 16:19:43.044352+00:00,132.36619567871094,-0.0406301850010088,0.0406301850010088,-1,2941.7999827000003,0,16,0,1,1.0,0.0,0.5,positive,disagree
128,why materion mtrn could beat earnings estimates again,103,2025-10-20 16:19:43.044352+00:00,133.27499389648438,0.6456696415659469,0.6456696415659469,1,2941.7999827000003,0,16,0,1,1.0,0.0,0.5,positive,agree
128,why materion mtrn could beat earnings estimates again,103,2025-10-20 16:19:43.044352+00:00,129.27999877929688,-2.371242586518038,2.371242586518038,-1,2941.7999827000003,0,16,0,1,1.0,0.0,0.5,positive,disagree
128,why materion mtrn could beat earnings estimates again,103,2025-10-20 16:19:43.044352+00:00,134.36500549316406,1.4688169091629597,1.4688169091629597,1,2941.7999827000003,0,16,0,1,1.0,0.0,0.5,positive,agree
129,will alliant energy lnt beat estimates again in its next earnings report,104,2025-10-20 16:19:43.053056+00:00,68.4000015258789,0.3300307503474214,0.3300307503474214,1,2941.8067129,0,16,0,1,1.0,0.2732,0.6366,positive,agree
129,will alliant energy lnt beat estimates again in its next earnings report,104,2025-10-20 16:19:43.053056+00:00,68.93000030517578,1.1074399994449315,1.1074399994449315,1,2941.8067129,0,16,0,1,1.0,0.2732,0.6366,positive,agree
129,will alliant energy lnt beat estimates again in its next earnings report,104,2025-10-20 16:19:43.053056+00:00,68.4749984741211,0.4400372701641503,0.4400372701641503,1,2941.8067129,0,16,0,1,1.0,0.2732,0.6366,positive,agree
129,will alliant energy lnt beat estimates again in its next earnings report,104,2025-10-20 16:19:43.053056+00:00,68.5999984741211,0.623388930456855,0.623388930456855,1,2941.8067129,0,16,0,1,1.0,0.2732,0.6366,positive,agree
130,will lumentum lite beat estimates again in its next earnings report,105,2025-10-20 16:19:43.058982+00:00,163.389404296875,0.2512017303156419,0.2512017303156419,1,2941.8155333833333,0,16,0,1,1.0,0.0,0.5,positive,agree
130,will lumentum lite beat estimates again in its next earnings report,105,2025-10-20 16:19:43.058982+00:00,162.0,-0.6012981674004736,0.6012981674004736,-1,2941.8155333833333,0,16,0,1,1.0,0.0,0.5,positive,disagree
130,will lumentum lite beat estimates again in its next earnings report,105,2025-10-20 16:19:43.058982+00:00,154.59500122070312,-5.144799807734384,5.144799807734384,-1,2941.8155333833333,0,16,0,1,1.0,0.0,0.5,positive,disagree
130,will lumentum lite beat estimates again in its next earnings report,105,2025-10-20 16:19:43.058982+00:00,160.9600067138672,-1.2394091708339352,1.2394091708339352,-1,2941.8155333833333,0,16,0,1,1.0,0.0,0.5,positive,disagree
131,will ebay ebay beat estimates again in its next earnings report,73,2025-10-20 16:19:43.067427+00:00,94.9000015258789,-0.0526544749554168,0.0526544749554168,-1,2941.822774116667,0,16,0,1,1.0,0.0,0.5,positive,disagree
131,will ebay ebay beat estimates again in its next earnings report,73,2025-10-20 16:19:43.067427+00:00,95.54499816894533,0.6266469087170837,0.6266469087170837,1,2941.822774116667,0,16,0,1,1.0,0.0,0.5,positive,agree
131,will ebay ebay beat estimates again in its next earnings report,73,2025-10-20 16:19:43.067427+00:00,94.54499816894533,-0.4265390124421407,0.4265390124421407,-1,2941.822774116667,0,16,0,1,1.0,0.0,0.5,positive,disagree
131,will ebay ebay beat estimates again in its next earnings report,73,2025-10-20 16:19:43.067427+00:00,95.66000366210938,0.7477690749734478,0.7477690749734478,1,2941.822774116667,0,16,0,1,1.0,0.0,0.5,positive,agree
132,will halozyme therapeutics halo beat estimates again in its next earnings report,106,2025-10-20 16:19:43.071929+00:00,66.80500030517578,0.4510985101084176,0.4510985101084176,1,2941.82825225,0,16,0,1,1.0,0.0,0.5,positive,agree
132,will halozyme therapeutics halo beat estimates again in its next earnings report,106,2025-10-20 16:19:43.071929+00:00,66.66000366210938,0.233074829100064,0.233074829100064,1,2941.82825225,0,16,0,1,1.0,0.0,0.5,positive,agree
132,will halozyme therapeutics halo beat estimates again in its next earnings report,106,2025-10-20 16:19:43.071929+00:00,65.97000122070312,-0.8044448610023033,0.8044448610023033,-1,2941.82825225,0,16,0,1,1.0,0.0,0.5,positive,disagree
132,will halozyme therapeutics halo beat estimates again in its next earnings report,106,2025-10-20 16:19:43.071929+00:00,66.45999908447266,-0.067661334942766,0.067661334942766,-1,2941.82825225,0,16,0,1,1.0,0.0,0.5,positive,disagree
133,will international seaways insw beat estimates again in its next earnings report,107,2025-10-20 16:19:43.077374+00:00,46.18000030517578,0.0,0.0,0,2941.8347229166666,0,16,0,1,1.0,0.0,0.5,positive,disagree
133,will international seaways insw beat estimates again in its next earnings report,107,2025-10-20 16:19:43.077374+00:00,46.04999923706055,-0.2815094570293107,0.2815094570293107,-1,2941.8347229166666,0,16,0,1,1.0,0.0,0.5,positive,disagree
133,will international seaways insw beat estimates again in its next earnings report,107,2025-10-20 16:19:43.077374+00:00,45.89500045776367,-0.6171499470089156,0.6171499470089156,-1,2941.8347229166666,0,16,0,1,1.0,0.0,0.5,positive,disagree
133,will international seaways insw beat estimates again in its next earnings report,107,2025-10-20 16:19:43.077374+00:00,46.33000183105469,0.3248192396873898,0.3248192396873898,1,2941.8347229166666,0,16,0,1,1.0,0.0,0.5,positive,agree
134,can visa v keep the earnings surprise streak alive,108,2025-10-20 16:19:43.087151+00:00,343.5,0.5032480621587834,0.5032480621587834,1,2941.8411767166667,0,16,0,1,1.0,0.5719,0.7859499999999999,positive,agree
134,can visa v keep the earnings surprise streak alive,108,2025-10-20 16:19:43.087151+00:00,344.1099853515625,0.6817211599822741,0.6817211599822741,1,2941.8411767166667,0,16,0,1,1.0,0.5719,0.7859499999999999,positive,agree
134,can visa v keep the earnings surprise streak alive,108,2025-10-20 16:19:43.087151+00:00,346.26300048828125,1.3116629776452355,1.3116629776452355,1,2941.8411767166667,0,16,0,1,1.0,0.5719,0.7859499999999999,positive,agree
134,can visa v keep the earnings surprise streak alive,108,2025-10-20 16:19:43.087151+00:00,344.45001220703125,0.7812082150127592,0.7812082150127592,1,2941.8411767166667,0,16,0,1,1.0,0.5719,0.7859499999999999,positive,agree
135,why mastercard ma is poised to beat earnings estimates again,109,2025-10-20 16:19:43.093891+00:00,564.1799926757812,0.4272069589070386,0.4272069589070386,1,2941.8494968166665,0,16,0,1,1.0,0.25,0.625,positive,agree
135,why mastercard ma is poised to beat earnings estimates again,109,2025-10-20 16:19:43.093891+00:00,564.4249877929688,0.4708174655842048,0.4708174655842048,1,2941.8494968166665,0,16,0,1,1.0,0.25,0.625,positive,agree
135,why mastercard ma is poised to beat earnings estimates again,109,2025-10-20 16:19:43.093891+00:00,573.4550170898438,2.07821339031599,2.07821339031599,1,2941.8494968166665,0,16,0,1,1.0,0.25,0.625,positive,agree
135,why mastercard ma is poised to beat earnings estimates again,109,2025-10-20 16:19:43.093891+00:00,566.4099731445312,0.82415600523413,0.82415600523413,1,2941.8494968166665,0,16,0,1,1.0,0.25,0.625,positive,agree
136,meta vs openai is sora a true threat to metas dominance,8,2025-10-20 16:19:43.103479+00:00,732.1699829101562,0.3639360682656014,0.3639360682656014,1,2941.856063283333,0,16,0,1,1.0,0.0516,0.5258,positive,agree
136,meta vs openai is sora a true threat to metas dominance,8,2025-10-20 16:19:43.103479+00:00,736.47998046875,0.9547392007646348,0.9547392007646348,1,2941.856063283333,0,16,0,1,1.0,0.0516,0.5258,positive,agree
136,meta vs openai is sora a true threat to metas dominance,8,2025-10-20 16:19:43.103479+00:00,726.1900024414062,-0.4557839304559914,0.4557839304559914,-1,2941.856063283333,0,16,0,1,1.0,0.0516,0.5258,positive,disagree
136,meta vs openai is sora a true threat to metas dominance,8,2025-10-20 16:19:43.103479+00:00,732.3900146484375,0.3940974403913398,0.3940974403913398,1,2941.856063283333,0,16,0,1,1.0,0.0516,0.5258,positive,agree
137,city first bank appoints justin jennings as executive vice president chief deposit officer,110,2025-10-20 16:19:43.107805+00:00,6.75,-0.1479323749000828,0.1479323749000828,-1,2941.862407683333,0,16,0,1,0.0,0.0,0.0,neutral,neutral
137,city first bank appoints justin jennings as executive vice president chief deposit officer,110,2025-10-20 16:19:43.107805+00:00,6.75,-0.1479323749000828,0.1479323749000828,-1,2941.862407683333,0,16,0,1,0.0,0.0,0.0,neutral,neutral
137,city first bank appoints justin jennings as executive vice president chief deposit officer,110,2025-10-20 16:19:43.107805+00:00,6.75,-0.1479323749000828,0.1479323749000828,-1,2941.862407683333,0,16,0,1,0.0,0.0,0.0,neutral,neutral
137,city first bank appoints justin jennings as executive vice president chief deposit officer,110,2025-10-20 16:19:43.107805+00:00,6.75,-0.1479323749000828,0.1479323749000828,-1,2941.862407683333,0,16,0,1,0.0,0.0,0.0,neutral,neutral
138,market continues higher as apple stock hits record highs,59,2025-10-20 16:19:43.115517+00:00,263.4200134277344,0.1558889954320521,0.1558889954320521,1,2941.868700983333,0,16,0,1,1.0,0.0,0.5,positive,agree
138,market continues higher as apple stock hits record highs,59,2025-10-20 16:19:43.115517+00:00,262.2799987792969,-0.2775601533107643,0.2775601533107643,-1,2941.868700983333,0,16,0,1,1.0,0.0,0.5,positive,disagree
138,market continues higher as apple stock hits record highs,59,2025-10-20 16:19:43.115517+00:00,256.9599914550781,-2.300299641043397,2.300299641043397,-1,2941.868700983333,0,16,0,1,1.0,0.0,0.5,positive,disagree
138,market continues higher as apple stock hits record highs,59,2025-10-20 16:19:43.115517+00:00,262.2300109863281,-0.2965661953292013,0.2965661953292013,-1,2941.868700983333,0,16,0,1,1.0,0.0,0.5,positive,disagree
139,kla klac is a great momentum stock should you buy,111,2025-10-20 16:19:43.121198+00:00,1149.1600341796875,-0.0200089147999379,0.0200089147999379,-1,2941.876488133333,0,16,0,1,1.0,0.6249,0.81245,positive,disagree
139,kla klac is a great momentum stock should you buy,111,2025-10-20 16:19:43.121198+00:00,1147.3349609375,-0.1787951595843711,0.1787951595843711,-1,2941.876488133333,0,16,0,1,1.0,0.6249,0.81245,positive,disagree
139,kla klac is a great momentum stock should you buy,111,2025-10-20 16:19:43.121198+00:00,1100.2349853515625,-4.27661878652304,4.27661878652304,-1,2941.876488133333,0,16,0,1,1.0,0.6249,0.81245,positive,disagree
139,kla klac is a great momentum stock should you buy,111,2025-10-20 16:19:43.121198+00:00,1153.030029296875,0.3166909927915866,0.3166909927915866,1,2941.876488133333,0,16,0,1,1.0,0.6249,0.81245,positive,agree
140,what makes leidos ldos a new strong buy stock,112,2025-10-20 16:19:43.127261+00:00,190.5500030517578,0.347361924077136,0.347361924077136,1,2941.8835972666666,0,16,0,1,1.0,0.5106,0.7553000000000001,positive,agree
140,what makes leidos ldos a new strong buy stock,112,2025-10-20 16:19:43.127261+00:00,191.03500366210932,0.6027727401406081,0.6027727401406081,1,2941.8835972666666,0,16,0,1,1.0,0.5106,0.7553000000000001,positive,agree
140,what makes leidos ldos a new strong buy stock,112,2025-10-20 16:19:43.127261+00:00,190.6499938964844,0.4000190603887275,0.4000190603887275,1,2941.8835972666666,0,16,0,1,1.0,0.5106,0.7553000000000001,positive,agree
140,what makes leidos ldos a new strong buy stock,112,2025-10-20 16:19:43.127261+00:00,190.6100006103516,0.3789578129794979,0.3789578129794979,1,2941.8835972666666,0,16,0,1,1.0,0.5106,0.7553000000000001,positive,agree
141,are you looking for a top momentum pick why xeris biopharma xers is a great choice,113,2025-10-20 16:19:43.135847+00:00,9.295000076293944,1.5458620107645855,1.5458620107645855,1,2941.8910182000004,0,16,0,1,1.0,0.7096,0.8548,positive,agree
141,are you looking for a top momentum pick why xeris biopharma xers is a great choice,113,2025-10-20 16:19:43.135847+00:00,9.274999618530272,1.3273613429268587,1.3273613429268587,1,2941.8910182000004,0,16,0,1,1.0,0.7096,0.8548,positive,agree
141,are you looking for a top momentum pick why xeris biopharma xers is a great choice,113,2025-10-20 16:19:43.135847+00:00,9.079999923706056,-0.8029680750645437,0.8029680750645437,-1,2941.8910182000004,0,16,0,1,1.0,0.7096,0.8548,positive,disagree
141,are you looking for a top momentum pick why xeris biopharma xers is a great choice,113,2025-10-20 16:19:43.135847+00:00,9.350000381469728,2.146728428633048,2.146728428633048,1,2941.8910182000004,0,16,0,1,1.0,0.7096,0.8548,positive,agree
142,central garden centa upgraded to strong buy heres what you should know,114,2025-10-20 16:19:43.142021+00:00,27.82999992370605,0.5782430320597939,0.5782430320597939,1,2941.8970793,0,16,0,1,1.0,0.5106,0.7553000000000001,positive,agree
142,central garden centa upgraded to strong buy heres what you should know,114,2025-10-20 16:19:43.142021+00:00,27.89999961853028,0.8312234969358688,0.8312234969358688,1,2941.8970793,0,16,0,1,1.0,0.5106,0.7553000000000001,positive,agree
142,central garden centa upgraded to strong buy heres what you should know,114,2025-10-20 16:19:43.142021+00:00,28.295000076293945,2.258763998108781,2.258763998108781,1,2941.8970793,0,16,0,1,1.0,0.5106,0.7553000000000001,positive,agree
142,central garden centa upgraded to strong buy heres what you should know,114,2025-10-20 16:19:43.142021+00:00,27.799999237060547,0.4698198785983283,0.4698198785983283,1,2941.8970793,0,16,0,1,1.0,0.5106,0.7553000000000001,positive,agree
143,citigroup c upgraded to buy heres why,115,2025-10-20 16:19:43.149304+00:00,99.1999969482422,0.2678520202029549,0.2678520202029549,1,2941.9068453833333,0,16,0,1,1.0,0.0,0.5,positive,agree
143,citigroup c upgraded to buy heres why,115,2025-10-20 16:19:43.149304+00:00,98.81999969482422,-0.116235777639176,0.116235777639176,-1,2941.9068453833333,0,16,0,1,1.0,0.0,0.5,positive,disagree
143,citigroup c upgraded to buy heres why,115,2025-10-20 16:19:43.149304+00:00,95.80999755859376,-3.1586395887352547,3.1586395887352547,-1,2941.9068453833333,0,16,0,1,1.0,0.0,0.5,positive,disagree
143,citigroup c upgraded to buy heres why,115,2025-10-20 16:19:43.149304+00:00,99.29000091552734,0.3588248503501957,0.3588248503501957,1,2941.9068453833333,0,16,0,1,1.0,0.0,0.5,positive,agree
144,all you need to know about materion mtrn rating upgrade to strong buy,103,2025-10-20 16:19:43.157085+00:00,132.36619567871094,-0.0406301850010088,0.0406301850010088,-1,2941.916096666667,0,16,0,1,1.0,0.5106,0.7553000000000001,positive,disagree
144,all you need to know about materion mtrn rating upgrade to strong buy,103,2025-10-20 16:19:43.157085+00:00,133.27499389648438,0.6456696415659469,0.6456696415659469,1,2941.916096666667,0,16,0,1,1.0,0.5106,0.7553000000000001,positive,agree
144,all you need to know about materion mtrn rating upgrade to strong buy,103,2025-10-20 16:19:43.157085+00:00,129.27999877929688,-2.371242586518038,2.371242586518038,-1,2941.916096666667,0,16,0,1,1.0,0.5106,0.7553000000000001,positive,disagree
144,all you need to know about materion mtrn rating upgrade to strong buy,103,2025-10-20 16:19:43.157085+00:00,134.36500549316406,1.4688169091629597,1.4688169091629597,1,2941.916096666667,0,16,0,1,1.0,0.5106,0.7553000000000001,positive,agree
145,asml asml is a great momentum stock should you buy,43,2025-10-20 16:19:43.161265+00:00,1046.31689453125,-0.5175244527112177,0.5175244527112177,-1,2941.9200004333334,0,16,0,1,1.0,0.6249,0.81245,positive,disagree
145,asml asml is a great momentum stock should you buy,43,2025-10-20 16:19:43.161265+00:00,1035.0101318359375,-1.592557025762945,1.592557025762945,-1,2941.9200004333334,0,16,0,1,1.0,0.6249,0.81245,positive,disagree
145,asml asml is a great momentum stock should you buy,43,2025-10-20 16:19:43.161265+00:00,1005.6699829101562,-4.38218095644647,4.38218095644647,-1,2941.9200004333334,0,16,0,1,1.0,0.6249,0.81245,positive,disagree
145,asml asml is a great momentum stock should you buy,43,2025-10-20 16:19:43.161265+00:00,1041.719970703125,-0.9545941060011712,0.9545941060011712,-1,2941.9200004333334,0,16,0,1,1.0,0.6249,0.81245,positive,disagree
146,target hospitality th upgraded to buy heres why,116,2025-10-20 16:19:43.166655+00:00,7.061999797821045,0.3837946125736979,0.3837946125736979,1,2941.926229133333,0,16,0,1,1.0,0.0,0.5,positive,agree
146,target hospitality th upgraded to buy heres why,116,2025-10-20 16:19:43.166655+00:00,7.159999847412109,1.7768301735782186,1.7768301735782186,1,2941.926229133333,0,16,0,1,1.0,0.0,0.5,positive,agree
146,target hospitality th upgraded to buy heres why,116,2025-10-20 16:19:43.166655+00:00,7.25,3.0561500675366817,3.0561500675366817,1,2941.926229133333,0,16,0,1,1.0,0.0,0.5,positive,agree
146,target hospitality th upgraded to buy heres why,116,2025-10-20 16:19:43.166655+00:00,7.15500020980835,1.7057621179676856,1.7057621179676856,1,2941.926229133333,0,16,0,1,1.0,0.0,0.5,positive,agree
147,lam research lrcx is up 772 in one week what you should know,117,2025-10-20 16:19:43.174036+00:00,144.75999450683594,0.3187743904018729,0.3187743904018729,1,2941.9323571,0,16,0,1,0.0,0.0,0.0,neutral,neutral
147,lam research lrcx is up 772 in one week what you should know,117,2025-10-20 16:19:43.174036+00:00,143.8249969482422,-0.3291795519541665,0.3291795519541665,-1,2941.9323571,0,16,0,1,0.0,0.0,0.0,neutral,neutral
147,lam research lrcx is up 772 in one week what you should know,117,2025-10-20 16:19:43.174036+00:00,137.75999450683594,-4.53223035801052,4.53223035801052,-1,2941.9323571,0,16,0,1,0.0,0.0,0.0,neutral,neutral
147,lam research lrcx is up 772 in one week what you should know,117,2025-10-20 16:19:43.174036+00:00,144.02000427246094,-0.194039343988402,0.194039343988402,-1,2941.9323571,0,16,0,1,0.0,0.0,0.0,neutral,neutral
